"barcode"	"DNTTIP2"
"1"	"AAACATGCAAATGCCC-1"	0
"2"	"AAACATGCACAACAAA-1"	0
"3"	"AAACCAACATAATCGT-1"	0
"4"	"AAACCGAAGTGCACGC-1"	0
"5"	"AAACCGGCAGTTTGTG-1"	0
"6"	"AAACGCGCAGTAGGTG-1"	0
"7"	"AAACGGATCATTAGTG-1"	0
"8"	"AAACGGATCCCTGACT-1"	0
"9"	"AAACGTACAGCATGAG-1"	0
"10"	"AAAGCACCACAGGAAT-1"	0
"11"	"AAAGCACCATTTAAGC-1"	0
"12"	"AAAGCCCGTAGGTTAT-1"	0
"13"	"AAAGCCCGTGGGTACT-1"	0
"14"	"AAAGCCCGTTCCAGGG-1"	0
"15"	"AAAGCCGCAATAATCC-1"	0
"16"	"AAAGCTTGTGAGCAAG-1"	0
"17"	"AAAGGACGTTGAAGCC-1"	0
"18"	"AAAGGAGCACCGTTCC-1"	0
"19"	"AAAGGAGCATGCTCCC-1"	0
"20"	"AAAGGCTCACCAGGTT-1"	0
"21"	"AAAGGCTCATCCAGGT-1"	0
"22"	"AAAGGTTAGGGATGCG-1"	0
"23"	"AAATGGCCACCTCAGG-1"	0.693147180559945
"24"	"AACAAGCCATTGTCAG-1"	0
"25"	"AACAGATAGCGCTCAA-1"	0
"26"	"AACAGATAGCGGATTT-1"	0
"27"	"AACAGATAGTCACCAG-1"	0
"28"	"AACAGCAAGCACTAAC-1"	0
"29"	"AACAGCAAGGGTGGAT-1"	0
"30"	"AACAGGATCCCATAGG-1"	1.09861228866811
"31"	"AACAGGATCTGGTCCT-1"	0
"32"	"AACATAGCAAGGACCA-1"	0
"33"	"AACATAGCATTGTGTG-1"	0
"34"	"AACATCATCCTCATGC-1"	0
"35"	"AACATTGTCAGCATTA-1"	0
"36"	"AACATTGTCCAGGTTG-1"	0
"37"	"AACCGCTCACCAAAGG-1"	0
"38"	"AACCGCTCAGCTCAAC-1"	0
"39"	"AACCGCTCATCCAGGT-1"	0
"40"	"AACCTAATCCTACCTA-1"	0
"41"	"AACCTCCTCCTCCCTC-1"	0
"42"	"AACCTCCTCCTGGCTT-1"	0
"43"	"AACCTTAAGAGGGACT-1"	0
"44"	"AACCTTAAGCCTCTGT-1"	0
"45"	"AACCTTAAGCTCAAAC-1"	0
"46"	"AACCTTAAGTGAGGTA-1"	0
"47"	"AACCTTGCAGCAAGTG-1"	0
"48"	"AACCTTGCATGCTTAG-1"	0.693147180559945
"49"	"AACGACAAGGATCCGC-1"	0
"50"	"AACGACAAGGCATTAC-1"	0
"51"	"AACGCCCAGTAACCAC-1"	0
"52"	"AACTAGCTCAAACCGT-1"	0
"53"	"AACTAGCTCTTTGACT-1"	0.693147180559945
"54"	"AACTAGTGTACAATGT-1"	0
"55"	"AACTAGTGTTTAACCC-1"	0
"56"	"AACTCACAGGATCCGC-1"	0
"57"	"AACTTAGTCAAGTGTC-1"	0
"58"	"AACTTAGTCATTGTCT-1"	0
"59"	"AACTTAGTCTAAGTCA-1"	0
"60"	"AAGACATAGAAAGGAA-1"	0
"61"	"AAGACATAGCGAAGTA-1"	0
"62"	"AAGACATAGGATTGAG-1"	0
"63"	"AAGCAAGTCAAACCGT-1"	0
"64"	"AAGCATGAGGTGCTGC-1"	0
"65"	"AAGCCACGTGAGAAAC-1"	0
"66"	"AAGCCACGTTATTGCC-1"	0
"67"	"AAGCCTCCAAGGGTTG-1"	0.693147180559945
"68"	"AAGCCTCCAGCTAATT-1"	0.693147180559945
"69"	"AAGCCTGTCTTGACCC-1"	0
"70"	"AAGCCTTAGGAGCATA-1"	0
"71"	"AAGCCTTAGTAGCGGG-1"	0
"72"	"AAGCCTTAGTTTGGGT-1"	0.693147180559945
"73"	"AAGCGCTGTCATAAGT-1"	0
"74"	"AAGCGCTGTGTTTGTC-1"	0
"75"	"AAGCGCTGTTTATCTG-1"	0.693147180559945
"76"	"AAGCGTTTCATTGTCT-1"	0
"77"	"AAGCGTTTCCGCATGA-1"	0
"78"	"AAGCTAGAGCGATAGA-1"	0
"79"	"AAGCTAGAGCTCATAA-1"	0.693147180559945
"80"	"AAGCTAGAGTCATGCG-1"	0
"81"	"AAGCTATGTACTGATG-1"	0
"82"	"AAGCTATGTGTGCACG-1"	0
"83"	"AAGCTTGGTGTCCAGG-1"	0
"84"	"AAGCTTGGTTTGGGCG-1"	0
"85"	"AAGGATGTCAATTGGC-1"	0
"86"	"AAGGATGTCGCTATGG-1"	0
"87"	"AAGGCCCTCGTGCCTT-1"	0
"88"	"AAGGTATAGGACAATG-1"	0
"89"	"AAGGTATAGGACCTTG-1"	0
"90"	"AAGGTCAAGAAACTGG-1"	0
"91"	"AAGGTCAAGTGATTCA-1"	0.693147180559945
"92"	"AAGGTGCAGTCACCAG-1"	0
"93"	"AAGTCTATCCCTCAGT-1"	0.693147180559945
"94"	"AAGTCTATCGGGCCAT-1"	0
"95"	"AAGTGAAGTAAGCTCA-1"	0
"96"	"AAGTGAAGTCTATCGT-1"	0
"97"	"AAGTGCAAGCAACATC-1"	0
"98"	"AAGTGCAAGCTACTGG-1"	0
"99"	"AAGTGCAAGCTGAGGG-1"	0
"100"	"AAGTTACGTTCACCAT-1"	0
"101"	"AAGTTACGTTCACCCA-1"	0
"102"	"AAGTTAGCACCTATAG-1"	0
"103"	"AAGTTTGTCCTTAGGG-1"	0.693147180559945
"104"	"AAGTTTGTCTGTGCCT-1"	0
"105"	"AATAGAGGTACTTAGG-1"	0
"106"	"AATAGAGGTATTCGCT-1"	0
"107"	"AATAGAGGTCATAGAT-1"	0
"108"	"AATATCCCAAGATTCT-1"	0
"109"	"AATATCCCAGCCGCTA-1"	1.09861228866811
"110"	"AATATCCCAGCCTTGG-1"	0
"111"	"AATATCCCAGTAAAGC-1"	0
"112"	"AATCAGGAGACTTACA-1"	0
"113"	"AATCATCCATTAAACC-1"	0
"114"	"AATCATGTCAATCTAG-1"	0
"115"	"AATCATGTCCCTCAAC-1"	0
"116"	"AATCATGTCTGTTGCC-1"	0
"117"	"AATCCATCAACAACAA-1"	0
"118"	"AATCCATCAGCCTTGG-1"	0
"119"	"AATCCATCAGGCTAAG-1"	0
"120"	"AATCCCTGTTTAGCTC-1"	0
"121"	"AATCCTAAGATAAAGC-1"	0
"122"	"AATCGCCCATGCATAT-1"	0.693147180559945
"123"	"AATCTCAAGTATCGCG-1"	0
"124"	"AATCTTGAGATAAAGC-1"	0
"125"	"AATCTTGAGCATCCAG-1"	0
"126"	"AATCTTGAGGACCTTG-1"	0
"127"	"AATGAAGGTAGGTTGC-1"	0
"128"	"AATGAAGGTCACCAAA-1"	0
"129"	"AATGAAGGTGAGGTAG-1"	0
"130"	"AATGCAACATGTTGCA-1"	0.693147180559945
"131"	"AATGCATGTGAGGTGA-1"	0
"132"	"AATGCATGTGATGAGG-1"	0
"133"	"AATGTCATCATTAGCA-1"	0
"134"	"AATGTCATCGGTACGC-1"	0
"135"	"AATTACCCAACCCTCC-1"	0
"136"	"AATTACCCACCAGCAT-1"	0
"137"	"AATTACCCAGAATGAC-1"	0
"138"	"AATTAGCGTACTTCAC-1"	0
"139"	"AATTAGCGTTAACACG-1"	0
"140"	"AATTAGCGTTACTTCA-1"	0
"141"	"AATTCGTCAATATACC-1"	0
"142"	"AATTGACGTAACAGGG-1"	0
"143"	"AATTGACGTGGTTAGC-1"	0
"144"	"AATTGCCAGGATTGAG-1"	0
"145"	"AATTGCTCAACAGCCT-1"	0
"146"	"AATTGGACAATCCTGA-1"	0
"147"	"AATTGGACAGCCTGCA-1"	0.693147180559945
"148"	"AATTGGGAGCAAGGTA-1"	0
"149"	"AATTGGGAGGCCTAAT-1"	0
"150"	"AATTGTGTCACAGCCA-1"	0
"151"	"AATTGTGTCACGCGGT-1"	0
"152"	"AATTGTGTCGTTAAGC-1"	0
"153"	"AATTGTGTCTTGATGA-1"	0
"154"	"AATTTCCTCCTAGTAA-1"	1.09861228866811
"155"	"AATTTCCTCGTTACAA-1"	0.693147180559945
"156"	"AATTTGCCACTTAACG-1"	0
"157"	"AATTTGCCAGAACCGA-1"	0
"158"	"AATTTGCCAGCAAGAT-1"	0
"159"	"AATTTGCCAGGCATGA-1"	0
"160"	"AATTTGCCATGAGTTT-1"	0
"161"	"ACAAACTGTAATCGTG-1"	0
"162"	"ACAAAGGTCAAGTGAG-1"	0
"163"	"ACAACAACACCTAATG-1"	0
"164"	"ACAACAGAGGGTCTAT-1"	0
"165"	"ACAACAGAGGTTACGT-1"	0
"166"	"ACAACATGTGTTGCTT-1"	0
"167"	"ACACAATGTAATGACT-1"	0
"168"	"ACACAATGTCCCGAAG-1"	0
"169"	"ACACAATGTTCCTGTG-1"	0
"170"	"ACACCTTGTACCGTTT-1"	0
"171"	"ACACCTTGTGTGTCCC-1"	0
"172"	"ACACCTTGTTACTAGG-1"	0
"173"	"ACACGGACAACCGCCA-1"	0
"174"	"ACACTAATCGATTATG-1"	0
"175"	"ACACTAGGTCCTAACT-1"	0.693147180559945
"176"	"ACACTAGGTGTAACCA-1"	0
"177"	"ACACTAGGTTCAAGCA-1"	0
"178"	"ACACTTGCAGTTTACG-1"	0.693147180559945
"179"	"ACAGCCGGTCTTGCAT-1"	0
"180"	"ACAGCCGGTGAAACAA-1"	0
"181"	"ACAGCGCTCGCTCACT-1"	0
"182"	"ACAGGAATCTTGTCTG-1"	0
"183"	"ACAGGCTGTAAAGCGG-1"	0
"184"	"ACAGGCTGTACCGAAC-1"	0
"185"	"ACAGGTAAGTTTCCTG-1"	0
"186"	"ACAGTATGTCCTTCAG-1"	0
"187"	"ACAGTATGTGGGTGAA-1"	0
"188"	"ACAGTATGTGTTTGTC-1"	0
"189"	"ACAGTATGTTCGGGAT-1"	0
"190"	"ACATAGCTCCATAATG-1"	0
"191"	"ACATCAATCCAAGTTA-1"	0
"192"	"ACATCAATCTCACTCA-1"	0
"193"	"ACATCATCAGCATGGA-1"	0
"194"	"ACATTGCAGATGGACA-1"	0.693147180559945
"195"	"ACCAAACTCCTCCATA-1"	0
"196"	"ACCAAACTCGGTTACG-1"	0
"197"	"ACCAAGCGTAACGAGG-1"	0
"198"	"ACCAAGCGTTACAAAC-1"	0
"199"	"ACCAAGCGTTATGTGG-1"	0
"200"	"ACCAAGTTCTCAATTC-1"	0
"201"	"ACCAATATCAAGCTTA-1"	0
"202"	"ACCACACCAATGCCCG-1"	0
"203"	"ACCACACCAATGCCTA-1"	0
"204"	"ACCACACCACCTAATG-1"	0
"205"	"ACCACACCACGGTTTA-1"	0
"206"	"ACCACACCAGCACGAA-1"	0
"207"	"ACCACACCAGGCGAGT-1"	0
"208"	"ACCACACCATGTCAGC-1"	0
"209"	"ACCACATAGATGCCTG-1"	0
"210"	"ACCACATAGGTAACGA-1"	0
"211"	"ACCACATAGTAAGTGG-1"	0
"212"	"ACCACATAGTCATCCC-1"	0
"213"	"ACCAGGACAAACGCGA-1"	0
"214"	"ACCAGGACATCCCTCA-1"	0
"215"	"ACCAGGCTCCTAAGGT-1"	0
"216"	"ACCAGGGAGCAAGGAC-1"	0
"217"	"ACCAGGGAGCACGATT-1"	0
"218"	"ACCAGGGAGCGAGCGA-1"	0
"219"	"ACCATAATCATGCGTG-1"	0
"220"	"ACCATTAAGGAACGGT-1"	0
"221"	"ACCATTAAGTAAAGGT-1"	0
"222"	"ACCCAACCAGAAACGT-1"	0
"223"	"ACCCAGGGTAATCGGC-1"	0
"224"	"ACCCGCTGTCCTAACT-1"	0
"225"	"ACCCGTAAGCATGCAT-1"	0
"226"	"ACCCGTAAGGCAAGTA-1"	0
"227"	"ACCCTCCCAGCTACGT-1"	0
"228"	"ACCCTGTTCATTTGTC-1"	0
"229"	"ACCGCAATCATGCTAA-1"	0
"230"	"ACCGCAATCTTAGTCT-1"	0
"231"	"ACCGGTTCATAGCAGG-1"	0
"232"	"ACCGGTTCATTAGGCC-1"	0
"233"	"ACCTAAATCAAAGGCA-1"	0
"234"	"ACCTAAATCCTAGTCC-1"	0
"235"	"ACCTAAATCTCGACCT-1"	0
"236"	"ACCTACCTCATAGACC-1"	0
"237"	"ACCTCACTCAAACCTA-1"	0
"238"	"ACCTCACTCAATGACC-1"	0
"239"	"ACCTCACTCATAAGCC-1"	0
"240"	"ACCTCACTCCATTACT-1"	0
"241"	"ACCTCACTCCTGTTCA-1"	0
"242"	"ACCTCACTCTCCATGC-1"	0
"243"	"ACCTGGATCCATAAGC-1"	0
"244"	"ACCTGGATCCGCCTCA-1"	0
"245"	"ACCTGGATCTGTAAGC-1"	0
"246"	"ACCTTCATCACATTGA-1"	0
"247"	"ACCTTCCAGCAGCTAT-1"	0
"248"	"ACCTTGCTCGGTCAAT-1"	0
"249"	"ACCTTGTGTTCTTTAG-1"	0
"250"	"ACCTTGTGTTGTTGTC-1"	0
"251"	"ACGAACAAGGCCATCA-1"	0
"252"	"ACGAACAAGTCCTTCA-1"	0
"253"	"ACGAAGTCAGGCAAGC-1"	0
"254"	"ACGAAGTCATTATGCG-1"	1.09861228866811
"255"	"ACGAATCTCAATGTGC-1"	0.693147180559945
"256"	"ACGAATCTCCTCAGTC-1"	0
"257"	"ACGAATCTCCTTGCAC-1"	0
"258"	"ACGACAAAGGAGGACT-1"	0
"259"	"ACGACAAAGGTAAGGC-1"	0
"260"	"ACGACTTAGCTGCACA-1"	0
"261"	"ACGATTCAGCATTTCT-1"	0
"262"	"ACGATTCAGGAACGGT-1"	0
"263"	"ACGATTCAGTCCTTCA-1"	0
"264"	"ACGATTCAGTCTGGGC-1"	0
"265"	"ACGCAAGCACCCACCT-1"	0
"266"	"ACGCACGGTGCTGTAA-1"	0.693147180559945
"267"	"ACGCACGGTGTTGCTT-1"	0.693147180559945
"268"	"ACGCACGGTTACTAGG-1"	1.09861228866811
"269"	"ACGCCACAGATAACCC-1"	0
"270"	"ACGCCACAGCCTGATG-1"	0
"271"	"ACGCCACAGGCTGTCA-1"	0
"272"	"ACGCCACAGTCAGGCC-1"	0
"273"	"ACGCCACAGTTATGTG-1"	0
"274"	"ACGCCACAGTTGGCCA-1"	0
"275"	"ACGCCTAAGCTAATCA-1"	0
"276"	"ACGCCTAAGTAAACCC-1"	0.693147180559945
"277"	"ACGCCTAAGTAGCTTA-1"	0
"278"	"ACGCCTAAGTATCGCG-1"	0
"279"	"ACGCCTTTCGGTCAAT-1"	0
"280"	"ACGCTTGAGCACTAGT-1"	0
"281"	"ACGCTTGAGGGACTAA-1"	0
"282"	"ACGCTTGAGGTAGCTT-1"	0
"283"	"ACGCTTGAGTTAACCA-1"	0
"284"	"ACGGGAAGTGATCAGC-1"	0
"285"	"ACGGTTAGTTAGAGGG-1"	0
"286"	"ACGGTTTAGAGAGGAG-1"	0
"287"	"ACGGTTTAGGAAACTG-1"	0
"288"	"ACGTACCCAAGGTACG-1"	0
"289"	"ACGTACCCACCTAATG-1"	0
"290"	"ACGTACCCAGTAGCCT-1"	0
"291"	"ACGTACCCATAGACCC-1"	0
"292"	"ACGTCCAAGGTTTGAC-1"	0
"293"	"ACGTCCTTCATTGACA-1"	0
"294"	"ACGTCCTTCCCGAACA-1"	0
"295"	"ACGTCCTTCTAAGGTC-1"	0
"296"	"ACGTTACAGGCGAAAC-1"	0
"297"	"ACGTTACAGTATTGGC-1"	0
"298"	"ACGTTACAGTTCCTCA-1"	0
"299"	"ACGTTGTAGCCGCTAA-1"	0
"300"	"ACTAACGGTGAACAAA-1"	0.693147180559945
"301"	"ACTAACTCATTAAACC-1"	0
"302"	"ACTAATCCAGCACCAT-1"	0
"303"	"ACTAATCCAGTAGCCT-1"	0
"304"	"ACTAGGCGTAGGATTT-1"	0
"305"	"ACTATCCGTTGCGCGA-1"	0
"306"	"ACTATGTCACCAAAGG-1"	0
"307"	"ACTATGTCATGTTGTG-1"	0
"308"	"ACTCACCTCATTACAG-1"	0
"309"	"ACTCACCTCGCCTAAG-1"	0
"310"	"ACTCACTGTCATTGTC-1"	0
"311"	"ACTCACTGTGTTCCCA-1"	0
"312"	"ACTCACTGTTAGAGGG-1"	0
"313"	"ACTCAGTAGGCTACAT-1"	0
"314"	"ACTCAGTAGTAGCCAT-1"	0
"315"	"ACTCAGTAGTTACCGG-1"	0
"316"	"ACTCCTCAGGACCTGC-1"	0
"317"	"ACTCCTCAGTGAGGTA-1"	0
"318"	"ACTCGCGCACGAATCC-1"	0
"319"	"ACTCGCGCATCCATCT-1"	0
"320"	"ACTGAAACAATGAAGC-1"	0
"321"	"ACTGAAACACAAAGAC-1"	1.38629436111989
"322"	"ACTGAAACATGTTTGG-1"	0
"323"	"ACTTACAAGTTCCCGT-1"	1.09861228866811
"324"	"ACTTACTTCATCAGTA-1"	0
"325"	"ACTTACTTCCGGGACT-1"	0
"326"	"ACTTACTTCCGGTATG-1"	0
"327"	"ACTTAGGGTTCAAGAT-1"	0
"328"	"ACTTAGTCAGGCTAGA-1"	0
"329"	"ACTTATCTCACCGGTA-1"	0
"330"	"ACTTATGAGCATTATG-1"	0
"331"	"ACTTCGCTCCTTCGTA-1"	0
"332"	"ACTTCGCTCGCTAGAT-1"	0
"333"	"ACTTCGCTCGTTACTT-1"	0
"334"	"ACTTGAATCATGCTAA-1"	0
"335"	"ACTTGAATCCCGTTAC-1"	0
"336"	"ACTTGAATCGCAACAT-1"	0
"337"	"ACTTGAATCGTTACTT-1"	0
"338"	"ACTTGCACAATAGCCC-1"	0
"339"	"ACTTGCACACCCACAG-1"	0
"340"	"ACTTGCACACTGACCG-1"	0
"341"	"ACTTGTAAGAATCGCT-1"	0
"342"	"ACTTGTCGTAATGACT-1"	0
"343"	"ACTTGTCGTTACAACG-1"	0
"344"	"ACTTGTCGTTTAACCC-1"	0
"345"	"ACTTGTCGTTTATTCG-1"	0
"346"	"ACTTTGTTCCGCCTCA-1"	0
"347"	"ACTTTGTTCGCGACAC-1"	0
"348"	"ACTTTGTTCGTTATAG-1"	0
"349"	"ACTTTGTTCTACCTGC-1"	0
"350"	"AGAACAAGTGGTTCCC-1"	0
"351"	"AGAACAAGTTTGCGAA-1"	0
"352"	"AGAACCGCAAGCCAGA-1"	0
"353"	"AGAACCGCAGGCTGTT-1"	0
"354"	"AGAACCGCATCAGCAC-1"	0
"355"	"AGAAGGTGTTAAGGTT-1"	0
"356"	"AGAATCGAGCAGCTCA-1"	0.693147180559945
"357"	"AGAATCGAGCTACTGG-1"	0
"358"	"AGAATCGAGGTTACGT-1"	0
"359"	"AGAATCGAGTGAGCGG-1"	1.38629436111989
"360"	"AGAATCTGTGAGACTC-1"	0
"361"	"AGAATCTGTTGTGATG-1"	0
"362"	"AGACAATAGGGCTTAT-1"	0
"363"	"AGACAATAGTCCTTTG-1"	0
"364"	"AGACACGCAGGAACAT-1"	0
"365"	"AGACTATGTAATGGCC-1"	0
"366"	"AGACTATGTTTGGGCG-1"	0
"367"	"AGAGAAGCAAAGCTAA-1"	0
"368"	"AGAGAAGCACAAAGAC-1"	0
"369"	"AGAGAGGAGTAACAGG-1"	0
"370"	"AGAGAGGAGTAGGATG-1"	0
"371"	"AGAGATTAGGGTGAAC-1"	0
"372"	"AGAGATTAGTCAATCA-1"	0
"373"	"AGAGATTAGTCAATTG-1"	0
"374"	"AGAGGATGTGTCCAGG-1"	0.693147180559945
"375"	"AGAGGATGTTGTCATC-1"	0
"376"	"AGAGGATGTTTGAGGC-1"	0
"377"	"AGATGCTTCATAGCCG-1"	0
"378"	"AGATGCTTCATCCACC-1"	0.693147180559945
"379"	"AGCAAATAGTAAGTGG-1"	0
"380"	"AGCAACAAGTAACGAG-1"	0
"381"	"AGCAATACAATCGCAC-1"	0
"382"	"AGCAATACACATTAAC-1"	0
"383"	"AGCACTAGTCCTTAGT-1"	0
"384"	"AGCACTAGTGGTTCTT-1"	0
"385"	"AGCACTAGTTTCCTCC-1"	0
"386"	"AGCACTTAGCCTAACG-1"	0
"387"	"AGCAGGTAGTCTTGAA-1"	0
"388"	"AGCAGGTAGTTTGAGC-1"	0
"389"	"AGCATTTCAGGACCTT-1"	0
"390"	"AGCCGCTAGGCGCACT-1"	0
"391"	"AGCCGGTTCAATCATG-1"	0
"392"	"AGCCGGTTCCGCCTCA-1"	0
"393"	"AGCCTAAGTCGTAAAT-1"	0
"394"	"AGCCTAAGTCTAACCT-1"	0
"395"	"AGCCTAAGTTGACTTC-1"	0
"396"	"AGCCTAAGTTTATTCG-1"	0
"397"	"AGCCTAGTCAAACCGT-1"	0
"398"	"AGCCTCCGTCCGCTGT-1"	0
"399"	"AGCGATTTCATTACTC-1"	0
"400"	"AGCGCCTAGCGGATTT-1"	0
"401"	"AGCGCCTAGGGACGCA-1"	0
"402"	"AGCGCTCAGCAATAGG-1"	0
"403"	"AGCGCTCAGCTTATGA-1"	0
"404"	"AGCGCTCAGGCTTAAC-1"	0
"405"	"AGCGCTCAGTCATTGA-1"	0
"406"	"AGCGCTCAGTTAGACC-1"	0
"407"	"AGCGGACCAATGCGCT-1"	0
"408"	"AGCGGACCACTGACCG-1"	0
"409"	"AGCGGATAGCGAGGTG-1"	0
"410"	"AGCGTGCTCAAGCTAC-1"	0
"411"	"AGCGTGCTCAGTGAAG-1"	0
"412"	"AGCGTGCTCCTAATGA-1"	0
"413"	"AGCTAAACACCCACAG-1"	0
"414"	"AGCTAACTCACGCGGT-1"	0
"415"	"AGCTAACTCGTTACTT-1"	0
"416"	"AGCTACGTCCTAGTTT-1"	0
"417"	"AGCTACGTCCTGTTCA-1"	0
"418"	"AGCTACTAGACTAAGG-1"	0
"419"	"AGCTACTAGGGCCACT-1"	0
"420"	"AGCTAGTTCCGCCAAA-1"	0
"421"	"AGCTCATAGCGGTTAT-1"	0
"422"	"AGCTCATAGTTCCTCA-1"	0.693147180559945
"423"	"AGCTCATAGTTGTCTT-1"	0
"424"	"AGCTTAATCAAAGGCA-1"	0
"425"	"AGCTTCCTCGCCTAAG-1"	0
"426"	"AGCTTGGTCAAGCTTA-1"	0
"427"	"AGCTTGGTCACGCATG-1"	0
"428"	"AGCTTGGTCAGCTAAC-1"	0
"429"	"AGCTTGGTCATTGCAA-1"	0
"430"	"AGCTTGGTCCCGCAAA-1"	0
"431"	"AGCTTTAAGTAACCCG-1"	0
"432"	"AGGAAACGTATTCGTC-1"	0
"433"	"AGGAAACGTGCGCGTA-1"	0
"434"	"AGGAAACGTGTTGCTT-1"	0
"435"	"AGGAAACGTTACCGGG-1"	0
"436"	"AGGAACCAGCGCATTG-1"	0
"437"	"AGGAACCAGGATTTGC-1"	0.693147180559945
"438"	"AGGACGTAGGTTTGCG-1"	0
"439"	"AGGACTAAGCACGTTG-1"	0.693147180559945
"440"	"AGGACTAAGCATGGTT-1"	0
"441"	"AGGACTAAGCCATCAG-1"	0
"442"	"AGGACTAAGGCGCATC-1"	0
"443"	"AGGAGCTAGGCGTAAA-1"	0
"444"	"AGGAGCTAGTATCGCG-1"	0
"445"	"AGGATATAGCACAGCC-1"	0
"446"	"AGGATATAGGGATGCG-1"	1.38629436111989
"447"	"AGGATATAGGTCCTAG-1"	0
"448"	"AGGATATAGTCAGTAC-1"	0
"449"	"AGGATCCGTTTAGCTC-1"	1.09861228866811
"450"	"AGGATGCAGCCTGTGA-1"	0
"451"	"AGGATGCAGGCCGGAA-1"	0
"452"	"AGGATGCAGGTCTTGG-1"	0
"453"	"AGGATGTCACATTAAC-1"	0
"454"	"AGGATGTCATTATGCG-1"	0
"455"	"AGGATTGAGGAACCGG-1"	0
"456"	"AGGCAATCAACAACAA-1"	1.09861228866811
"457"	"AGGCAATCATAATCGT-1"	0
"458"	"AGGCAATCATTTAAGC-1"	0
"459"	"AGGCAGGTCAGGATGA-1"	0
"460"	"AGGCAGGTCTTGAGGT-1"	0
"461"	"AGGCCCAGTGAATCGC-1"	0
"462"	"AGGCCCAGTGCGCATG-1"	0
"463"	"AGGCCCAGTTTGGCTT-1"	0
"464"	"AGGCGGATCACGTTAA-1"	0
"465"	"AGGCGGATCCGCCTAT-1"	0
"466"	"AGGCGGATCCGTCCAT-1"	0.693147180559945
"467"	"AGGCGGATCGTAATCA-1"	0
"468"	"AGGCGGATCTGTAAGC-1"	0
"469"	"AGGCTAAAGGGCCATC-1"	0
"470"	"AGGGCCTTCGAGGTGG-1"	0
"471"	"AGGGCTACAATTTAGC-1"	0
"472"	"AGGGCTACAGCCAGAA-1"	0
"473"	"AGGGTTGCACAAGCCT-1"	0
"474"	"AGGTAACCATAGGCGA-1"	0
"475"	"AGGTACGCAATAGCCC-1"	0
"476"	"AGGTACGCAGGGAGCT-1"	0
"477"	"AGGTATTGTGCTAGCG-1"	0
"478"	"AGGTCAAAGTTATGGC-1"	0
"479"	"AGGTCATTCAATAGCC-1"	0
"480"	"AGGTCATTCATCACTT-1"	0
"481"	"AGGTCATTCATCCACC-1"	0
"482"	"AGGTCTTAGAATCGCT-1"	0
"483"	"AGGTCTTAGTAACCCG-1"	0
"484"	"AGGTGAATCGGTAACT-1"	0
"485"	"AGGTGAGGTAGGATCC-1"	0
"486"	"AGGTGAGGTTCATCTA-1"	0
"487"	"AGGTGAGGTTTGGTTC-1"	0
"488"	"AGGTTAACAACTAGCC-1"	0
"489"	"AGGTTAACAAGGTGCA-1"	0
"490"	"AGGTTACTCTTGCATT-1"	0
"491"	"AGGTTAGAGCTTCCCG-1"	0
"492"	"AGGTTGCGTCTTTGAC-1"	0
"493"	"AGGTTGCGTGCTGGTG-1"	0
"494"	"AGGTTGCGTGGACCTG-1"	0
"495"	"AGTAAACAGGATCACT-1"	0
"496"	"AGTAACGAGCCTGATG-1"	0
"497"	"AGTAAGTAGTTGTCAA-1"	0
"498"	"AGTAATCGTACGGTAC-1"	0
"499"	"AGTAATGCAAAGCTAA-1"	0
"500"	"AGTAATGCAACACCTA-1"	0
"501"	"AGTAATGCACGTTACA-1"	0
"502"	"AGTAATGCAGTTTCTC-1"	0
"503"	"AGTACGCGTCCTAAGA-1"	0
"504"	"AGTAGGATCACACAGT-1"	0
"505"	"AGTAGGATCTTAGCGG-1"	0
"506"	"AGTATAGCAATATGGA-1"	0
"507"	"AGTATAGCATAGCGGA-1"	0
"508"	"AGTCAAGAGCTACTGG-1"	0
"509"	"AGTCAGGCACAACAAA-1"	0
"510"	"AGTCCTGAGGGCTAAA-1"	1.38629436111989
"511"	"AGTCCTTGTGAAACAA-1"	1.09861228866811
"512"	"AGTCGCATCATTACGA-1"	0
"513"	"AGTCGCATCTTAGGGT-1"	0
"514"	"AGTCTTGCAATGCCCG-1"	0
"515"	"AGTGAACCACCTGTAA-1"	0
"516"	"AGTGAACCACTTAACG-1"	0
"517"	"AGTGAACCAGGATGGC-1"	0
"518"	"AGTGAGTCAACTGGGA-1"	0
"519"	"AGTGAGTCAGACAAAC-1"	0
"520"	"AGTGCACGTCGTAATG-1"	0
"521"	"AGTGCACGTGTTCCCA-1"	0
"522"	"AGTGCACGTTGCGGAT-1"	0
"523"	"AGTGCCGGTCCACAAA-1"	0
"524"	"AGTGCCGGTGCGCGTA-1"	0
"525"	"AGTGCGGAGACAACAG-1"	0
"526"	"AGTGCGGAGCAGCTCA-1"	0
"527"	"AGTGCGGAGCCACAAT-1"	0
"528"	"AGTGCGGAGCCTAATA-1"	0
"529"	"AGTGCGGAGCTTCCCG-1"	0
"530"	"AGTGGACAGGACAACA-1"	0
"531"	"AGTGGACAGTGAGCGG-1"	0
"532"	"AGTTACTCAACATAAG-1"	0
"533"	"AGTTACTCACAACCTA-1"	0.693147180559945
"534"	"AGTTACTCAGTTGCGT-1"	0.693147180559945
"535"	"AGTTATGTCAGGGCCT-1"	0
"536"	"AGTTGCAGTTGCTGGG-1"	0.693147180559945
"537"	"AGTTGCGTCATAGACC-1"	0
"538"	"AGTTGCGTCCCTTGCG-1"	0
"539"	"AGTTGCGTCTCCATGC-1"	0
"540"	"AGTTGCGTCTTGGATA-1"	0
"541"	"AGTTGGCGTGTCCTGC-1"	0
"542"	"AGTTGGCGTTAGCAGC-1"	0
"543"	"AGTTGGCGTTTAGCGA-1"	0
"544"	"AGTTGTCAGTAGGCGG-1"	0
"545"	"AGTTTGATCATGCGTG-1"	0
"546"	"AGTTTGATCCGCCAAA-1"	0
"547"	"AGTTTGCAGCTGCACA-1"	0
"548"	"AGTTTGCAGGATAAAC-1"	1.09861228866811
"549"	"AGTTTGCAGGGTCTAT-1"	0
"550"	"AGTTTGCAGGTCCAAT-1"	0
"551"	"AGTTTGCAGTGTTGCG-1"	0
"552"	"ATAACGACAATAACCT-1"	0
"553"	"ATAACGACAGGATGGC-1"	0
"554"	"ATAACGACATCCATCT-1"	0
"555"	"ATAAGCCTCACGAATC-1"	0
"556"	"ATAAGCCTCATTTGCT-1"	0
"557"	"ATAAGCCTCGCTATGG-1"	0
"558"	"ATAAGCCTCGTTTCGC-1"	0
"559"	"ATAAGCCTCTTGCTAT-1"	0
"560"	"ATAATGGCATGACTAT-1"	0
"561"	"ATACCTGCAACATAAG-1"	0
"562"	"ATACCTGCAGAAATGC-1"	0
"563"	"ATACCTGCATAAGCAA-1"	0
"564"	"ATACCTGCATTATGCG-1"	0.693147180559945
"565"	"ATATGCTCAAACAACA-1"	0
"566"	"ATATGCTCAGGCAAGC-1"	0
"567"	"ATATGCTCATTTAAGC-1"	0
"568"	"ATATGGTGTAAGGTTT-1"	0
"569"	"ATATGGTGTATTTGGG-1"	0
"570"	"ATATGTCCAAGGTATA-1"	0
"571"	"ATCAAGACAAATGCCC-1"	0
"572"	"ATCAAGACAGGCCATT-1"	0
"573"	"ATCAAGCTCCGGTATG-1"	0
"574"	"ATCAAGCTCCTACCTA-1"	0
"575"	"ATCAATCCACCAACCG-1"	0
"576"	"ATCAATCCACCTAATG-1"	0
"577"	"ATCAATCCATAACGGG-1"	0.693147180559945
"578"	"ATCACAATCTTAGCCC-1"	0
"579"	"ATCACACAGAGGCTAA-1"	0
"580"	"ATCACACAGTGCTGTG-1"	0
"581"	"ATCACACAGTTAGCTA-1"	0
"582"	"ATCACCCTCCGCACAA-1"	0
"583"	"ATCACCCTCCGGTTGA-1"	0
"584"	"ATCACCCTCCTACCTA-1"	0
"585"	"ATCACCCTCCTGAATA-1"	0.693147180559945
"586"	"ATCACCCTCGTGCTTC-1"	0
"587"	"ATCACCCTCTTGAGCG-1"	0
"588"	"ATCACCCTCTTTGTAC-1"	0
"589"	"ATCACTAAGCATGCAT-1"	0
"590"	"ATCACTAAGTATTGCA-1"	0
"591"	"ATCAGGTTCCAGGAAA-1"	0
"592"	"ATCAGGTTCGCAAACT-1"	0
"593"	"ATCAGGTTCTTGTTCG-1"	0
"594"	"ATCATCAAGCATTTCT-1"	0
"595"	"ATCATCAAGCCTGACA-1"	0
"596"	"ATCATCAAGGCTATGT-1"	0
"597"	"ATCATCAAGTAACGGA-1"	0
"598"	"ATCATCAAGTCACTAA-1"	0
"599"	"ATCATCAAGTTTGTCT-1"	0
"600"	"ATCATGTCACTTACAG-1"	0
"601"	"ATCATGTCAGGCTTGT-1"	0
"602"	"ATCCAACAGCTTGCTC-1"	0
"603"	"ATCCACCTCATGTTTC-1"	0
"604"	"ATCCACCTCCGTTATT-1"	0
"605"	"ATCCATAAGGCTGTCA-1"	0
"606"	"ATCCCGCGTTGCTGGG-1"	0
"607"	"ATCCGTGAGGAGGACT-1"	0
"608"	"ATCCGTGAGGTTAGAG-1"	0
"609"	"ATCCTCATCACCGGTA-1"	0
"610"	"ATCCTCATCATCACTT-1"	0
"611"	"ATCCTGACAAGCGAGC-1"	0
"612"	"ATCCTGACAATTTGGT-1"	0
"613"	"ATCCTGACACTTCATC-1"	0
"614"	"ATCCTTAGTTAAGTGT-1"	0
"615"	"ATCCTTAGTTAGGCGT-1"	0
"616"	"ATCGAGGCAAAGCCTC-1"	0
"617"	"ATCGAGGCAAGGTCGA-1"	0
"618"	"ATCGAGGCAATCATGT-1"	0
"619"	"ATCGAGGCAGGTATTT-1"	0
"620"	"ATCGAGGCATGCTCCC-1"	0
"621"	"ATCTATGAGTTGCGTG-1"	0
"622"	"ATGAAGCCAAACTGTT-1"	0
"623"	"ATGAAGCCAGGTCCTG-1"	0
"624"	"ATGAAGTAGAACAAGT-1"	0
"625"	"ATGAAGTAGCTACTGG-1"	0
"626"	"ATGAAGTAGGCCAATT-1"	0
"627"	"ATGAATGCATAGACTT-1"	0
"628"	"ATGACAACAGCTAATT-1"	0
"629"	"ATGACAACAGTATGTT-1"	0
"630"	"ATGACCAGTAACCTAG-1"	0
"631"	"ATGACTCAGCCTGACA-1"	1.09861228866811
"632"	"ATGACTCAGGATGATG-1"	0
"633"	"ATGACTCAGTCTGGGC-1"	0.693147180559945
"634"	"ATGAGCCGTCAAAGAA-1"	0
"635"	"ATGAGCCGTTCGCGCT-1"	0
"636"	"ATGATGGAGCACAGCC-1"	0
"637"	"ATGCAAACATAGCGAG-1"	0
"638"	"ATGCAGGCAAAGCCTC-1"	0
"639"	"ATGCAGGCAAAGGTAC-1"	0
"640"	"ATGCAGGCAATAATGG-1"	0
"641"	"ATGCAGGCAGCCTGCA-1"	0
"642"	"ATGCAGGCATTTGCTC-1"	0.693147180559945
"643"	"ATGCCTGAGATAAAGC-1"	0
"644"	"ATGCCTGAGCTTTGTT-1"	0
"645"	"ATGCCTGAGGCAACAA-1"	0
"646"	"ATGCCTGAGTGAACCT-1"	0
"647"	"ATGCGATTCATGCTTT-1"	0
"648"	"ATGCGATTCCCGCCTA-1"	0
"649"	"ATGCGATTCGCCTAAG-1"	0
"650"	"ATGCGATTCGGTTCCT-1"	0
"651"	"ATGCTTAAGGTAGCTT-1"	0
"652"	"ATGGCCCAGCTCCTAC-1"	0
"653"	"ATGGCCCAGTAAAGGT-1"	0
"654"	"ATGGCCGGTCGCGCAA-1"	0
"655"	"ATGGCCGGTCTAACCT-1"	0
"656"	"ATGGCTAGTTACAAAC-1"	0
"657"	"ATGGCTGTCTAGCTAA-1"	0
"658"	"ATGGCTTAGAGCCGCT-1"	0
"659"	"ATGGCTTAGTATTGCA-1"	0
"660"	"ATGGCTTAGTCTCACC-1"	0
"661"	"ATGGCTTAGTGTGATC-1"	0
"662"	"ATGGTGCGTGTTGCTT-1"	0
"663"	"ATGGTTATCGAAGTAG-1"	0.693147180559945
"664"	"ATGGTTATCGCAAACT-1"	0
"665"	"ATGGTTATCGCTCCAT-1"	0
"666"	"ATGGTTATCTAATTGG-1"	0
"667"	"ATGTAACGTAATCACG-1"	0
"668"	"ATGTAACGTCCCGAAG-1"	0
"669"	"ATGTAAGCAGCCTAAC-1"	0
"670"	"ATGTCAATCAGGATGA-1"	0
"671"	"ATGTCATCAGCATGTC-1"	0
"672"	"ATGTCCACAGTATGTT-1"	0.693147180559945
"673"	"ATGTCCACATCCAGGT-1"	0
"674"	"ATGTCCACATCGCTCC-1"	0
"675"	"ATGTTCAAGAGGAGTC-1"	0
"676"	"ATGTTCAAGCTAAGTC-1"	0.693147180559945
"677"	"ATGTTCAAGGACCTGC-1"	0
"678"	"ATGTTCAAGGTAGCTT-1"	0
"679"	"ATGTTCAAGTGAGAGC-1"	0
"680"	"ATGTTGTCACTTCATC-1"	0
"681"	"ATGTTGTCAGCTCAAC-1"	0
"682"	"ATGTTGTCAGGAAGCC-1"	0
"683"	"ATGTTTGAGCACAGAA-1"	0
"684"	"ATGTTTGAGTGAAGTG-1"	0
"685"	"ATTAACCCACCAACCG-1"	0
"686"	"ATTAACCCATCACAGC-1"	0
"687"	"ATTACCCGTGATTTGG-1"	0
"688"	"ATTACCGCAAGCGATG-1"	0
"689"	"ATTACCGCAATTAAGG-1"	0
"690"	"ATTACCGCACATACTG-1"	0
"691"	"ATTACCGCAGCAAATA-1"	0
"692"	"ATTACCGCATCGCTCC-1"	0
"693"	"ATTACGTCACACCAAC-1"	0
"694"	"ATTACGTCACCTAAGC-1"	0.693147180559945
"695"	"ATTAGCGGTGGACCTG-1"	0
"696"	"ATTAGCTCAGGTTTGC-1"	0
"697"	"ATTAGCTCAGTAATAG-1"	0
"698"	"ATTAGGTGTTGTCCAT-1"	0
"699"	"ATTAGTCCACATAACT-1"	0
"700"	"ATTAGTCCACGTGCTG-1"	0
"701"	"ATTAGTCCAGGATAAC-1"	0
"702"	"ATTATCCTCCCGCCTA-1"	0
"703"	"ATTATCCTCCCTCAAC-1"	0
"704"	"ATTATCCTCCTAGTAA-1"	0
"705"	"ATTATCCTCCTTAGGG-1"	0
"706"	"ATTATGGTCAAGGACA-1"	0
"707"	"ATTCACTTCACTTTAC-1"	0
"708"	"ATTCATGAGAGAAGGG-1"	0
"709"	"ATTCATGAGCCGCAGT-1"	0
"710"	"ATTCATGAGGATTGCT-1"	0
"711"	"ATTCATGAGGCATGTT-1"	0
"712"	"ATTCCGGAGCTTGCTC-1"	0
"713"	"ATTCCTAGTAGGTTTG-1"	0.693147180559945
"714"	"ATTCCTCCAGTCTATG-1"	0
"715"	"ATTCCTCCATCTTGAG-1"	0.693147180559945
"716"	"ATTCCTCCATGTTGTG-1"	0
"717"	"ATTCCTCCATTGTGTG-1"	0.693147180559945
"718"	"ATTGAAGCACGAACAG-1"	0
"719"	"ATTGAAGCATAGCGGA-1"	0
"720"	"ATTGCACAGTCACCTC-1"	0
"721"	"ATTGCACAGTTTGGTA-1"	0
"722"	"ATTGCGCCAAAGCCTC-1"	0
"723"	"ATTGCGCCAACAGGTG-1"	0
"724"	"ATTGCGCCACTGGCTG-1"	0
"725"	"ATTGCGCCACTTGTTC-1"	0
"726"	"ATTGCGCCAGGACACA-1"	0.693147180559945
"727"	"ATTGCGCCATTGTGGC-1"	0
"728"	"ATTGCGCCATTTGCTC-1"	0
"729"	"ATTGCTCGTGTTTGAG-1"	0
"730"	"ATTGGCTAGCATTATG-1"	0
"731"	"ATTGGTTCAATTGACT-1"	0
"732"	"ATTGGTTCAGGTTAAA-1"	0
"733"	"ATTGTCCGTAATCGGC-1"	0
"734"	"ATTGTGATCAGGGCCT-1"	0
"735"	"ATTTAGCCAACACCTA-1"	1.09861228866811
"736"	"ATTTAGCCATGTCGCG-1"	0
"737"	"ATTTAGGTCAGCTAAC-1"	0
"738"	"ATTTGCAAGGATTTGC-1"	0
"739"	"ATTTGCGCAGAAATGC-1"	0
"740"	"ATTTGTGAGTAGCGGG-1"	0
"741"	"CAAACAACAAACGCGA-1"	0
"742"	"CAAACAACACGTTACA-1"	0
"743"	"CAAACACTCACGCATG-1"	0
"744"	"CAAACACTCACTAGGT-1"	0
"745"	"CAAACACTCATTGCGG-1"	0
"746"	"CAAACACTCTCGACCT-1"	0
"747"	"CAAACATGTTCCAGGG-1"	0.693147180559945
"748"	"CAAACCGTCAATCTCT-1"	0
"749"	"CAAACCGTCATGGCTG-1"	0
"750"	"CAAACGCGTGCTCCGT-1"	0
"751"	"CAAACTGGTTCCGCAC-1"	0
"752"	"CAAAGGATCAAGACTC-1"	0
"753"	"CAAAGGATCGGGACTC-1"	1.79175946922805
"754"	"CAAAGTGAGGTGAAAT-1"	0
"755"	"CAAATCATCCTAGTCC-1"	0
"756"	"CAAATCATCGATTTGA-1"	0
"757"	"CAACAATGTCACCAAA-1"	0
"758"	"CAACAATGTTCGGGAT-1"	0
"759"	"CAACCCGCAAGATTCT-1"	0
"760"	"CAACCCGCACATACTG-1"	0
"761"	"CAACCCTTCCTAATAG-1"	0
"762"	"CAACTAATCAGGCCTA-1"	0
"763"	"CAACTAATCATGTCAA-1"	0
"764"	"CAACTAATCATGTTTC-1"	0
"765"	"CAACTAATCTGCAAGT-1"	0
"766"	"CAACTAGGTAGCTAAT-1"	0
"767"	"CAACTAGGTCAATAGT-1"	0
"768"	"CAAGAACCAAGCTAAA-1"	0
"769"	"CAAGACAAGGTCCTAG-1"	0.693147180559945
"770"	"CAAGCTAGTGCACGCA-1"	0
"771"	"CAAGCTAGTTAACGAT-1"	0
"772"	"CAAGCTAGTTACTTGC-1"	0
"773"	"CAAGGCTGTGTGTCCC-1"	0
"774"	"CAAGGGAGTCCGTAGG-1"	0
"775"	"CAAGGGAGTGCTCCGT-1"	0.693147180559945
"776"	"CAAGGTTTCATGGCCA-1"	0
"777"	"CAAGGTTTCCCTCGCA-1"	0
"778"	"CAAGGTTTCTAGCGTG-1"	0
"779"	"CAAGTAACAGGCATCT-1"	0
"780"	"CAAGTATGTACGCGCA-1"	0
"781"	"CAAGTGAAGCTTAACA-1"	0
"782"	"CAAGTGAAGTTTGCGG-1"	0
"783"	"CAAGTTATCATAATCG-1"	0
"784"	"CAAGTTATCCCTCACG-1"	0
"785"	"CAATAAGCAATACTGT-1"	0
"786"	"CAATAAGCATGCTATG-1"	0
"787"	"CAATAGCTCCGCACAA-1"	0
"788"	"CAATATGTCACTCAAA-1"	0
"789"	"CAATCCCTCACAGCCA-1"	0
"790"	"CAATCCCTCCTCACAC-1"	0
"791"	"CAATCCCTCGAGGAAC-1"	0
"792"	"CAATCCCTCTTAATGG-1"	0
"793"	"CAATCCTGTACCCACC-1"	0
"794"	"CAATCCTGTTAGTGAT-1"	0
"795"	"CAATCGCCAAGGGTTG-1"	0
"796"	"CAATCGCCACATTGCA-1"	0
"797"	"CAATCGCCAGGCATCT-1"	0.693147180559945
"798"	"CAATCGCCAGTAGCCT-1"	0
"799"	"CAATCGCCATGCTTAG-1"	0
"800"	"CAATGAACAATTGAAG-1"	0
"801"	"CAATGAACACCTATAG-1"	0
"802"	"CAATGACTCCACCTGT-1"	0
"803"	"CAATGCCCAGGTTAAA-1"	0
"804"	"CAATGTCAGCTCCTTA-1"	0.693147180559945
"805"	"CAATGTCAGGGTCTAT-1"	0
"806"	"CAATGTCAGGTCCAAT-1"	0.693147180559945
"807"	"CAATGTGGTCGTAATG-1"	0
"808"	"CAATGTGGTGCTAGCG-1"	0
"809"	"CAATGTGGTTTATTCG-1"	0
"810"	"CACAAGCGTTCCTCCT-1"	0
"811"	"CACAATATCTCCTCTT-1"	0
"812"	"CACAGGCTCATGCTTT-1"	0
"813"	"CACAGGGAGCGAGGTG-1"	0
"814"	"CACAGGGAGCTTACTT-1"	0
"815"	"CACAGGGAGGAAGTAT-1"	0.693147180559945
"816"	"CACATAATCCTCATCA-1"	0
"817"	"CACATACAGGTAGCTT-1"	0
"818"	"CACATTAAGCACAGCC-1"	0
"819"	"CACATTAAGCAGCTCA-1"	0
"820"	"CACATTAAGCCAAATC-1"	0
"821"	"CACCAACCAAGGTATA-1"	0
"822"	"CACCGGTAGCTCCTAC-1"	0
"823"	"CACCTCAGTAACTACG-1"	0
"824"	"CACCTCAGTATTGAGT-1"	0
"825"	"CACCTCAGTCAAGTGC-1"	0
"826"	"CACCTCAGTTCAAGAT-1"	0
"827"	"CACCTGTTCACACAGT-1"	0
"828"	"CACCTGTTCCAAGTGT-1"	0
"829"	"CACCTGTTCTGCAACG-1"	0
"830"	"CACGCAATCAAGCCTG-1"	0.693147180559945
"831"	"CACGCTAAGCCTAATA-1"	0
"832"	"CACGCTAAGCCTGTTC-1"	0
"833"	"CACGCTAAGTAACCCG-1"	0
"834"	"CACTAAGGTAATTAGC-1"	0
"835"	"CACTAAGGTAGTTAAC-1"	0
"836"	"CACTAGCCACCAACCG-1"	1.09861228866811
"837"	"CACTAGCCAGGCGATA-1"	0.693147180559945
"838"	"CACTAGCCATTTAAGC-1"	0
"839"	"CACTTAAAGCACCACA-1"	0
"840"	"CACTTAAAGGAGGCAT-1"	0
"841"	"CACTTTGTCACTCAAA-1"	0
"842"	"CACTTTGTCCTAGTCC-1"	0
"843"	"CAGAACCGTCTAACCT-1"	0
"844"	"CAGAACCGTTGTCATC-1"	0
"845"	"CAGAATCTCTAACCTT-1"	0
"846"	"CAGCAAGCAAAGCGGC-1"	0
"847"	"CAGCAAGCAGGTTATT-1"	0
"848"	"CAGCATGTCAAGACTC-1"	0
"849"	"CAGCATGTCATGCCTC-1"	0
"850"	"CAGCATGTCCTGCGAA-1"	0
"851"	"CAGCATGTCTACCTGC-1"	0
"852"	"CAGCATGTCTCACACC-1"	0
"853"	"CAGCATGTCTTAGCCC-1"	0
"854"	"CAGCATGTCTTAGTGA-1"	0
"855"	"CAGCATTAGCCGGTAC-1"	0
"856"	"CAGCCAATCCGGCTAA-1"	0
"857"	"CAGCCAATCCTAGTCC-1"	0
"858"	"CAGCCAATCGAGGTGG-1"	0
"859"	"CAGCCTAAGGAGTCGG-1"	0
"860"	"CAGCCTTTCCAAACAC-1"	0
"861"	"CAGCCTTTCCCGCCTA-1"	0
"862"	"CAGCCTTTCCCGTTTA-1"	0
"863"	"CAGCTAAGTACTGAAT-1"	0
"864"	"CAGCTAAGTTCCATTA-1"	0
"865"	"CAGCTAAGTTGTGACA-1"	0
"866"	"CAGCTATAGACAAGTG-1"	0
"867"	"CAGCTATAGCGAAGTA-1"	0
"868"	"CAGCTCAAGCACAGAA-1"	0
"869"	"CAGGAAGGTCTTTGAC-1"	0
"870"	"CAGGAAGGTGACATGC-1"	0
"871"	"CAGGACACAGCTCATA-1"	0
"872"	"CAGGACCTCGAAGTAG-1"	0
"873"	"CAGGACCTCTTACTCG-1"	0
"874"	"CAGGATGCAGTAGGAT-1"	0
"875"	"CAGGATGCATCCTAGA-1"	0
"876"	"CAGGCTATCCGCCTAT-1"	0
"877"	"CAGGCTATCCTAAGAC-1"	1.38629436111989
"878"	"CAGGCTATCTGCAAGT-1"	0.693147180559945
"879"	"CAGGGCTTCACCGGTA-1"	0
"880"	"CAGGGCTTCGCTAGCA-1"	0
"881"	"CAGGGCTTCGTTAGCG-1"	1.09861228866811
"882"	"CAGGGCTTCTCCTCAA-1"	0
"883"	"CAGGGTGAGCTTAGTA-1"	0
"884"	"CAGGGTGAGGGATGCG-1"	0.693147180559945
"885"	"CAGGTCCAGCGATAAG-1"	0
"886"	"CAGGTCCAGGAGTCGG-1"	0
"887"	"CAGGTCCAGTTATGTG-1"	0
"888"	"CAGGTGGAGGCTGTGC-1"	0
"889"	"CAGGTTAGTTCCGCAC-1"	0
"890"	"CAGGTTTAGACAACAG-1"	0.693147180559945
"891"	"CAGGTTTAGACTAAGG-1"	0
"892"	"CAGTACCCAATGAAGC-1"	0
"893"	"CAGTATGGTCTAACCT-1"	0
"894"	"CAGTATGGTTGGCGTG-1"	0
"895"	"CAGTATGGTTTGAGCA-1"	0
"896"	"CATAACGGTTAACGGC-1"	0
"897"	"CATAACGGTTGAGGTC-1"	0
"898"	"CATAAGCTCAGGTCCA-1"	0
"899"	"CATAAGCTCCAACTGG-1"	0
"900"	"CATAAGCTCCAATTAG-1"	0
"901"	"CATAAGCTCGCACACA-1"	0
"902"	"CATAAGCTCTCAATTC-1"	0
"903"	"CATAATCCACAACCTA-1"	0
"904"	"CATAATCCAGCTACGT-1"	0
"905"	"CATAATGTCGTCAAGT-1"	0
"906"	"CATAGACTCATGAGCT-1"	0
"907"	"CATAGCTAGCATGCAT-1"	0
"908"	"CATAGCTAGTTACCGG-1"	0
"909"	"CATAGGCGTCCGCTGT-1"	0
"910"	"CATAGGCGTCTATCGT-1"	0
"911"	"CATAGGCGTTTAGCTC-1"	0
"912"	"CATAGGTTCTTGCATT-1"	0
"913"	"CATCAATCAAACGGGC-1"	0
"914"	"CATCACACATCCAGGT-1"	0
"915"	"CATCATAAGAAAGGAA-1"	0
"916"	"CATCATAAGTTGTCAA-1"	0
"917"	"CATCATGCAGCTAATT-1"	0
"918"	"CATCCCAGTCTTACTA-1"	0
"919"	"CATCCCAGTTGTGACA-1"	0
"920"	"CATCCTCAGGAGTCGG-1"	0.693147180559945
"921"	"CATCCTGGTTTAGTCC-1"	0
"922"	"CATGAGGCATGATTGT-1"	0
"923"	"CATGCAAGTATTTGCC-1"	0
"924"	"CATGCATAGTATTGGC-1"	0.693147180559945
"925"	"CATGCGCAGAGAAGGG-1"	0
"926"	"CATGGATTCAGCTAAC-1"	0
"927"	"CATGGATTCCCTTGCG-1"	0
"928"	"CATGGCGGTCATTACC-1"	0
"929"	"CATGGCGGTGCTAGCG-1"	0
"930"	"CATGGCGGTTATAGCG-1"	0
"931"	"CATTATCTCATTTGCT-1"	0.693147180559945
"932"	"CATTATCTCCAAATCA-1"	0.693147180559945
"933"	"CATTATCTCCAGCACA-1"	0
"934"	"CATTATGAGGTCTTGG-1"	0.693147180559945
"935"	"CATTATGAGGTTTACA-1"	0.693147180559945
"936"	"CATTATGAGTGAACGA-1"	0
"937"	"CATTCATTCAATGTCA-1"	0
"938"	"CATTCATTCAGGTCCA-1"	0
"939"	"CATTCATTCATTAGGC-1"	0
"940"	"CATTCCTCACAGAACG-1"	0
"941"	"CATTGCGAGCCGCAGT-1"	0.693147180559945
"942"	"CATTGCGAGCCGCTAA-1"	0
"943"	"CATTGCGAGTTTGGTA-1"	0
"944"	"CATTGTGCAGAGAGCC-1"	0
"945"	"CATTGTGCAGCTAATT-1"	0
"946"	"CATTTGTTCCTTAAGA-1"	0
"947"	"CATTTGTTCTTGATGA-1"	0
"948"	"CATTTGTTCTTGTCCA-1"	0
"949"	"CCAAACCCAGAGGCTA-1"	0
"950"	"CCAAACTAGCCGCTTT-1"	0
"951"	"CCAAACTAGGAAGCTA-1"	0.693147180559945
"952"	"CCAAACTAGGGCTAAA-1"	0
"953"	"CCAAATCAGACAACAG-1"	0
"954"	"CCAACATAGAACCTAC-1"	0
"955"	"CCAACATAGCATTAGC-1"	0
"956"	"CCAACCAAGCGCAATT-1"	0
"957"	"CCAACCAAGTAGGATG-1"	0
"958"	"CCAACCAAGTATTGGC-1"	0
"959"	"CCAACCCGTTTGGGCG-1"	0
"960"	"CCAAGGCTCCCGCAAA-1"	0
"961"	"CCAAGGCTCCTTCTAG-1"	0
"962"	"CCAAGGCTCGCATTAA-1"	0.693147180559945
"963"	"CCAAGGCTCTAGCTAA-1"	0
"964"	"CCAAGTTAGCCGGTAC-1"	0
"965"	"CCAAGTTAGTAGGCGG-1"	0
"966"	"CCAAGTTAGTGGCGGA-1"	0
"967"	"CCACAATAGGCTTAGT-1"	0
"968"	"CCACAATAGGTGTCCA-1"	0
"969"	"CCACAATAGTATTGCA-1"	0
"970"	"CCACACAAGGCGCACT-1"	0
"971"	"CCACAGGGTTGTTGCT-1"	0
"972"	"CCACTTGGTCAAGTGC-1"	0
"973"	"CCAGCCTGTTCACCCA-1"	0
"974"	"CCAGCTGCAAATACCT-1"	0
"975"	"CCAGGAACAAACATAG-1"	0
"976"	"CCAGGAACAGTTAGCC-1"	0
"977"	"CCAGGAACAGTTTACG-1"	0
"978"	"CCAGGATGTTCCGCAC-1"	0
"979"	"CCAGTTTGTACTTAGG-1"	0
"980"	"CCAGTTTGTTACATCC-1"	0
"981"	"CCATAAATCCCTGGAA-1"	0
"982"	"CCATAAATCCTGGTCT-1"	0
"983"	"CCATAAATCGCAGGCT-1"	0
"984"	"CCATAAATCTGTGCAG-1"	0
"985"	"CCATAAGGTGGGAACA-1"	0
"986"	"CCATAAGGTGTGTCCC-1"	0
"987"	"CCATAATCAAGGGTTG-1"	0
"988"	"CCATAATCATAACGGG-1"	0
"989"	"CCATAGCCAGGCCTTG-1"	0
"990"	"CCATCACTCGCAAACT-1"	0
"991"	"CCATCACTCTAAGTCA-1"	0
"992"	"CCATCACTCTGTTCAT-1"	1.09861228866811
"993"	"CCATTGTGTTAAGCCA-1"	0.693147180559945
"994"	"CCATTGTGTTCCGCAC-1"	0
"995"	"CCCAAACCACCCACCT-1"	0
"996"	"CCCAAACCACCTCAGG-1"	0
"997"	"CCCAAACCACCTCGCT-1"	1.09861228866811
"998"	"CCCAAACCAGCAGGTA-1"	0
"999"	"CCCAAACCATTCAGCA-1"	0
"1000"	"CCCAATTGTAATCGCA-1"	0
"1001"	"CCCAATTGTCCGTAGG-1"	0
"1002"	"CCCAATTGTTTCCTCC-1"	0
"1003"	"CCCAGCACATTGTGTG-1"	0
"1004"	"CCCAGTTTCGATTTAG-1"	0
"1005"	"CCCGCAACATCGCTTT-1"	0.693147180559945
"1006"	"CCCGCTTCAACGTGCT-1"	0
"1007"	"CCCGCTTCAAGGTCGA-1"	0
"1008"	"CCCGTAAAGAGCAAGC-1"	0
"1009"	"CCCGTAAAGGACACTT-1"	0
"1010"	"CCCGTTGTCGATCAGT-1"	0
"1011"	"CCCTAATGTCCTTTAA-1"	0
"1012"	"CCCTAATGTGTTTGTC-1"	0
"1013"	"CCCTCACCACCTGCTC-1"	0
"1014"	"CCCTCAGTCAGGAAGC-1"	0
"1015"	"CCCTCAGTCCGCCAAA-1"	0
"1016"	"CCCTCATAGGAGCACG-1"	0
"1017"	"CCCTGGACAACCCTCC-1"	0
"1018"	"CCCTGTTAGCCGCTTT-1"	0
"1019"	"CCCTGTTAGCTATTGA-1"	0
"1020"	"CCCTGTTAGGATTTGC-1"	0
"1021"	"CCCTGTTAGTCATGCG-1"	0
"1022"	"CCCTTAATCACGTTAA-1"	0
"1023"	"CCGACAGGTGAGAAAC-1"	0
"1024"	"CCGACAGGTGGGTACT-1"	0
"1025"	"CCGACAGGTTAGGCGT-1"	0
"1026"	"CCGATGCAGGTAAGGC-1"	0
"1027"	"CCGATGCAGGTTTGAC-1"	0
"1028"	"CCGCAAATCCAACTGG-1"	0
"1029"	"CCGCAAATCTCAATGA-1"	0
"1030"	"CCGCAAGGTAACTACG-1"	0
"1031"	"CCGCAAGGTATTTGGG-1"	0
"1032"	"CCGCAAGGTGCGCAAT-1"	0
"1033"	"CCGCAAGGTGTGCAAC-1"	0
"1034"	"CCGCACACAATCCCTT-1"	0
"1035"	"CCGCACACAGCAAGGC-1"	0
"1036"	"CCGCCAACAATCGCAC-1"	0
"1037"	"CCGCCAACAGTCTATG-1"	0
"1038"	"CCGCTAAAGCGATACT-1"	0
"1039"	"CCGCTAGCAAGTTATC-1"	0
"1040"	"CCGCTAGCATGACTAT-1"	0
"1041"	"CCGGTAGGTGAAACAA-1"	0
"1042"	"CCGGTTAAGCTATTAG-1"	0
"1043"	"CCGGTTAAGGACCTCA-1"	0
"1044"	"CCGGTTAAGGGATGCG-1"	0
"1045"	"CCGGTTAAGGTCCGTA-1"	0
"1046"	"CCGGTTAAGTAAAGGT-1"	0
"1047"	"CCGGTTAAGTCGCTAG-1"	0
"1048"	"CCGTTAACAAACCTTG-1"	0
"1049"	"CCGTTACTCGAGGAGT-1"	0
"1050"	"CCGTTACTCGTAACGT-1"	0
"1051"	"CCGTTATGTTACCTGT-1"	0
"1052"	"CCGTTGCGTAACCACA-1"	0.693147180559945
"1053"	"CCGTTGCGTGAAACAA-1"	0
"1054"	"CCGTTGCGTGATGAGG-1"	0
"1055"	"CCGTTTGGTGGGTACT-1"	0
"1056"	"CCTAAATCAGAGGGAG-1"	0
"1057"	"CCTAAGCCAATCCTAG-1"	0
"1058"	"CCTAAGCCACAATGCC-1"	0
"1059"	"CCTAAGCCATTGTCAG-1"	0
"1060"	"CCTAAGTAGTTTGCGG-1"	0
"1061"	"CCTAATAAGGTCCAAT-1"	0
"1062"	"CCTAATCGTAATAACC-1"	0
"1063"	"CCTACTGGTATTGTGG-1"	0
"1064"	"CCTACTGGTTGTAAAC-1"	0
"1065"	"CCTACTTCAATATGGA-1"	0
"1066"	"CCTACTTCAGCAAGGC-1"	0
"1067"	"CCTAGTTGTCACCAAA-1"	0
"1068"	"CCTAGTTGTCCGCTGT-1"	0
"1069"	"CCTATAGCACCTGCTC-1"	0
"1070"	"CCTATATTCTTAGGAC-1"	0
"1071"	"CCTATTGTCACAGACT-1"	0.693147180559945
"1072"	"CCTATTTAGGTCGAGG-1"	0
"1073"	"CCTCAAACACTAAGAA-1"	0
"1074"	"CCTCAAACATGGCCTG-1"	0
"1075"	"CCTCAATGTGCCGCAA-1"	0
"1076"	"CCTCAATGTTCACTGT-1"	0
"1077"	"CCTCAGTTCCTGGTCT-1"	0
"1078"	"CCTCCTCTCCTTGTTG-1"	0
"1079"	"CCTCCTCTCGTGCCTT-1"	0
"1080"	"CCTCCTGAGGTGCGGA-1"	0
"1081"	"CCTGAATAGATAGACG-1"	0
"1082"	"CCTGAATAGTCATTTC-1"	0
"1083"	"CCTGAATAGTTAGACC-1"	0
"1084"	"CCTGACTTCCAAATCA-1"	0
"1085"	"CCTGCTCCAAACTAAG-1"	1.38629436111989
"1086"	"CCTGGATCATTAGCCA-1"	0
"1087"	"CCTGGTAAGCTTAACA-1"	0
"1088"	"CCTGTATGTCATGAGC-1"	0
"1089"	"CCTGTATGTTTATCTG-1"	0
"1090"	"CCTGTTGGTAAGGTTT-1"	0
"1091"	"CCTGTTGGTCCAAATG-1"	0.693147180559945
"1092"	"CCTTAACGTCAGTAAT-1"	0
"1093"	"CCTTACTCAAGCCACT-1"	0
"1094"	"CCTTACTCAATAATGG-1"	0.693147180559945
"1095"	"CCTTACTCATAGTCAT-1"	0
"1096"	"CCTTAGTGTTTGAGCA-1"	0
"1097"	"CCTTATGTCAATCATG-1"	0
"1098"	"CCTTATGTCACACAGT-1"	0
"1099"	"CCTTATGTCACGTTAA-1"	0
"1100"	"CCTTATGTCCATTACT-1"	0
"1101"	"CCTTATGTCCTCATGC-1"	0
"1102"	"CCTTATGTCTCGCCTG-1"	0
"1103"	"CCTTCAATCCTGATGG-1"	0
"1104"	"CCTTCGGTCTTGATGA-1"	0
"1105"	"CCTTCGTAGTTTAACG-1"	0
"1106"	"CCTTTAGTCGAGGTGG-1"	0
"1107"	"CGAAATGAGCCGCTTT-1"	0
"1108"	"CGAAATGAGTTAGTGC-1"	0
"1109"	"CGAACAAAGGACAACA-1"	0
"1110"	"CGAACCGGTAGACAAA-1"	0
"1111"	"CGAAGAATCAATCTAG-1"	0
"1112"	"CGAAGAATCCTGAATA-1"	0
"1113"	"CGAAGCGAGAAGCTAG-1"	0
"1114"	"CGAAGGCCAACCTGGT-1"	0
"1115"	"CGAAGGCCAGGAACCA-1"	0
"1116"	"CGAAGTAAGTAAGAAC-1"	0
"1117"	"CGAAGTAAGTTCCCGT-1"	0
"1118"	"CGAATATGTCTTGCAT-1"	0
"1119"	"CGAATATGTGATTACG-1"	0
"1120"	"CGAATCTAGCGCCTTT-1"	1.38629436111989
"1121"	"CGACAAGCAAACGGGC-1"	0
"1122"	"CGACCTGCAAGATTCT-1"	0
"1123"	"CGACTAAGTAACGGGA-1"	0
"1124"	"CGACTAAGTAGGTGTC-1"	0.693147180559945
"1125"	"CGAGCGAAGTGAACCT-1"	0
"1126"	"CGAGCTGGTAATAACC-1"	0
"1127"	"CGAGCTGGTAATGACT-1"	0
"1128"	"CGAGCTGGTGTCACGG-1"	0
"1129"	"CGAGGAAGTTAGAGGG-1"	0
"1130"	"CGAGGCAAGACACTTA-1"	0
"1131"	"CGAGGCAAGCCGCTTT-1"	0
"1132"	"CGAGGCAAGCGGGCAA-1"	0
"1133"	"CGAGGTGAGCGCCTTT-1"	0
"1134"	"CGAGGTGAGCTTATGA-1"	0
"1135"	"CGAGGTGAGCTTCTCA-1"	0
"1136"	"CGAGTCGGTACAAAGA-1"	0
"1137"	"CGAGTCGGTCCGCTGT-1"	0
"1138"	"CGAGTCGGTTACTTGC-1"	0
"1139"	"CGAGTCGGTTCAAGAT-1"	0
"1140"	"CGATATTCAAACTCAT-1"	0
"1141"	"CGATATTCAAGCTAAA-1"	0
"1142"	"CGATATTCAATAACCT-1"	0
"1143"	"CGATATTCAATAATCC-1"	0
"1144"	"CGATATTCATTATGCG-1"	0
"1145"	"CGATCCTTCGCTATAA-1"	0
"1146"	"CGATGTCCAAGCTAAA-1"	0
"1147"	"CGATGTCCACGAATTT-1"	0
"1148"	"CGATGTCCATAGACTT-1"	0
"1149"	"CGATTCCTCATAGCCG-1"	0
"1150"	"CGCAATAGTTTCCTCC-1"	0
"1151"	"CGCAATCCAATTAGGA-1"	0
"1152"	"CGCAATCCATGCTTAG-1"	0
"1153"	"CGCAATTAGGGTGGAT-1"	0
"1154"	"CGCACAATCACGCGGT-1"	0
"1155"	"CGCACACAGTTTGGTA-1"	0
"1156"	"CGCACCACAAACGCGA-1"	0
"1157"	"CGCACCACACTTCACT-1"	0
"1158"	"CGCACCACAGGATTAA-1"	0
"1159"	"CGCATATAGGAAGCAC-1"	0
"1160"	"CGCATATAGGGCCACT-1"	0
"1161"	"CGCATATAGTCACCTC-1"	0
"1162"	"CGCATATAGTTCCCAC-1"	0
"1163"	"CGCATGATCATGCGTG-1"	0
"1164"	"CGCATGATCCGCAAGC-1"	0
"1165"	"CGCATGATCGGGACCT-1"	0
"1166"	"CGCATTACAAGCCACT-1"	0
"1167"	"CGCATTACACATAACT-1"	0
"1168"	"CGCATTACAGCTTAAT-1"	0
"1169"	"CGCATTACATCACAGC-1"	0
"1170"	"CGCATTACATGGCCTG-1"	0
"1171"	"CGCCAAATCAATCTAG-1"	0
"1172"	"CGCCAAATCACGCCAA-1"	0
"1173"	"CGCCAAATCCCTTGCG-1"	0
"1174"	"CGCCAAATCTAGCGAT-1"	0
"1175"	"CGCCACACACCTCAGG-1"	0
"1176"	"CGCCACACATCCGTAA-1"	0
"1177"	"CGCCTCATCACGAATC-1"	0.693147180559945
"1178"	"CGCCTCATCACGCCAA-1"	0
"1179"	"CGCCTGTGTCACACCC-1"	0
"1180"	"CGCCTGTGTGATCAGC-1"	1.09861228866811
"1181"	"CGCCTGTGTGTGCACG-1"	0
"1182"	"CGCGATTCAATGAATG-1"	0
"1183"	"CGCGATTCACCGGTAT-1"	0
"1184"	"CGCGGATTCAGCAAAG-1"	0
"1185"	"CGCGGATTCATGGTGT-1"	0
"1186"	"CGCGGATTCCCTCACG-1"	0
"1187"	"CGCGGATTCTCTAGCC-1"	0.693147180559945
"1188"	"CGCGGATTCTTGCAGG-1"	0.693147180559945
"1189"	"CGCTAACCACCTCACC-1"	0
"1190"	"CGCTAACCAGCAATAA-1"	0
"1191"	"CGCTCCATCAGGATGA-1"	0
"1192"	"CGCTGTGCAGCACCAT-1"	0
"1193"	"CGCTTACTCCTTAATC-1"	0
"1194"	"CGCTTCTAGTTGCCTC-1"	0
"1195"	"CGCTTGCGTCATGCAA-1"	0
"1196"	"CGGACAACAAACTAAG-1"	0
"1197"	"CGGACAACAACTAGAA-1"	0
"1198"	"CGGACAACACTGACCG-1"	0
"1199"	"CGGACCTAGACAGGCG-1"	0
"1200"	"CGGACCTAGCAGGTGG-1"	0
"1201"	"CGGACCTAGCGAGGTG-1"	0
"1202"	"CGGAGCAAGAATCGCT-1"	0
"1203"	"CGGAGCAAGCCAAATC-1"	0.693147180559945
"1204"	"CGGAGCAAGGCATTGT-1"	0
"1205"	"CGGAGCAAGGTCAAAG-1"	0
"1206"	"CGGATAAAGTTATTCC-1"	0
"1207"	"CGGATTAGTTTACTTG-1"	0
"1208"	"CGGCCATAGGCATGAA-1"	0
"1209"	"CGGCTAATCATGCTCC-1"	0
"1210"	"CGGCTAATCATGGTGT-1"	0
"1211"	"CGGCTAATCCTAACGG-1"	0
"1212"	"CGGCTCACAAGTTATC-1"	0
"1213"	"CGGCTCACATGTCAGC-1"	0
"1214"	"CGGGACAAGACTATTG-1"	0
"1215"	"CGGGACAAGGCCTTAG-1"	0
"1216"	"CGGGCTTAGCATGAAG-1"	0
"1217"	"CGGGCTTAGGAACGCG-1"	0
"1218"	"CGGGCTTAGTAGCCAT-1"	0.693147180559945
"1219"	"CGGGCTTAGTCTGGGC-1"	0
"1220"	"CGGGTATGTGCGCGTA-1"	0
"1221"	"CGGGTATGTTAGGCGT-1"	0
"1222"	"CGGGTCTAGGCGCATC-1"	0
"1223"	"CGGTAACGTAACGAGG-1"	0
"1224"	"CGGTAACGTGGACCTG-1"	0
"1225"	"CGGTGAACAGCAACCT-1"	1.09861228866811
"1226"	"CGGTGAACAGGTCCTG-1"	0
"1227"	"CGGTTATAGCCGCAGT-1"	0
"1228"	"CGGTTATAGCCGGTAC-1"	0
"1229"	"CGGTTATAGGCAATAG-1"	0
"1230"	"CGGTTATAGTCTGGGC-1"	0
"1231"	"CGGTTATAGTGAACCT-1"	0
"1232"	"CGGTTATAGTTCCTCA-1"	0
"1233"	"CGGTTTGAGTCAATCA-1"	0
"1234"	"CGTAACCCACCAGGTT-1"	0
"1235"	"CGTAACCCAGGACACA-1"	0
"1236"	"CGTAATGGTAATGGCC-1"	0
"1237"	"CGTAATGGTTGCGCGA-1"	0
"1238"	"CGTACGGGTCATAAGT-1"	1.09861228866811
"1239"	"CGTACGGGTCATGCCC-1"	0
"1240"	"CGTAGCGGTCATTGAG-1"	0
"1241"	"CGTAGCGGTGTTGCAA-1"	0
"1242"	"CGTAGTTAGAGGAAGG-1"	0
"1243"	"CGTATTGCAAATGCCC-1"	0
"1244"	"CGTATTGCAAGGAATC-1"	0
"1245"	"CGTATTGCAGTAAAGC-1"	0
"1246"	"CGTCAATAGCACAGAA-1"	0
"1247"	"CGTCAATAGTCGCTAG-1"	0
"1248"	"CGTCAATAGTTAGGCT-1"	0
"1249"	"CGTCCTAGTCAAGTGC-1"	0
"1250"	"CGTGACATCCTCAGCT-1"	0
"1251"	"CGTGACATCGTTAGCG-1"	0
"1252"	"CGTGAGGAGCACTAGT-1"	0
"1253"	"CGTGAGGAGCCAGTAT-1"	0
"1254"	"CGTGAGGAGGGTCTAT-1"	0
"1255"	"CGTGCTGCACAAAGCG-1"	0
"1256"	"CGTGCTGCATAAGTTC-1"	0
"1257"	"CGTGCTGCATCCAGGT-1"	0
"1258"	"CGTGCTTTCAATTACG-1"	0
"1259"	"CGTGCTTTCCACCTTA-1"	0
"1260"	"CGTGCTTTCCCTCAAC-1"	0
"1261"	"CGTGTTACAGCTACGT-1"	0
"1262"	"CGTGTTACATGTTGTG-1"	0
"1263"	"CGTTAAATCCTCATGC-1"	0
"1264"	"CGTTAACAGAATGACG-1"	0
"1265"	"CGTTAACAGCACGATT-1"	0
"1266"	"CGTTAGTAGCCGCAGT-1"	0
"1267"	"CGTTAGTAGCTTATGA-1"	0
"1268"	"CGTTATCGTTTGGCGG-1"	0.693147180559945
"1269"	"CGTTATTTCAGCAAAG-1"	0
"1270"	"CGTTATTTCCTTAGGG-1"	0
"1271"	"CGTTGCAAGTCACTCC-1"	0
"1272"	"CGTTGCGCATAGACTT-1"	0
"1273"	"CGTTGCGCATTGCGAC-1"	0
"1274"	"CGTTTCTCAAGGTCCT-1"	0
"1275"	"CGTTTGGAGCGGGCAA-1"	0
"1276"	"CTAAAGCTCTTGCAGG-1"	0
"1277"	"CTAAATGTCATAACCA-1"	0
"1278"	"CTAACCACACGTAAGG-1"	0
"1279"	"CTAACCACAGCATGGA-1"	0
"1280"	"CTAACCACAGTAAGTA-1"	1.94591014905531
"1281"	"CTAACCACAGTCTATG-1"	0
"1282"	"CTAACCCTCCCTGATC-1"	0
"1283"	"CTAACCCTCCGCAACA-1"	0
"1284"	"CTAACCTGTCCGTAGG-1"	0
"1285"	"CTAAGTCAGCCGCTAA-1"	0
"1286"	"CTAAGTCAGTAAGGGC-1"	0
"1287"	"CTAATAGTCGGTCAGC-1"	0
"1288"	"CTAATCCGTAGCAGCT-1"	0
"1289"	"CTAATCGCACTAAGAA-1"	0
"1290"	"CTAATCTTCCACCTGT-1"	0
"1291"	"CTAATTGAGGTCTTGG-1"	0
"1292"	"CTAATTGAGTTATGGC-1"	0
"1293"	"CTACAACAGACACCGC-1"	0
"1294"	"CTACAACAGTCAGGCC-1"	0
"1295"	"CTACCTCAGACAGGTA-1"	0
"1296"	"CTACCTCAGCTGGAAA-1"	0
"1297"	"CTACCTCAGCTGTCAG-1"	0
"1298"	"CTACGAAGTATTACCC-1"	0
"1299"	"CTACGAAGTGAGCAAG-1"	0
"1300"	"CTACGAAGTGATGAAA-1"	0
"1301"	"CTACGAAGTTAATGAC-1"	0
"1302"	"CTACGAAGTTGCAATG-1"	0
"1303"	"CTACTAAAGCAACATC-1"	0
"1304"	"CTACTAAAGTAAGAAC-1"	0
"1305"	"CTACTTAGTGTTGTAG-1"	0
"1306"	"CTAGATTCATTGTGTG-1"	0
"1307"	"CTAGCGGGTGAGACTC-1"	0
"1308"	"CTAGCTGAGCCGCTTT-1"	0
"1309"	"CTAGCTGAGGCGCACT-1"	0
"1310"	"CTAGCTGAGTCACCTC-1"	0
"1311"	"CTAGCTGAGTTAACCA-1"	0
"1312"	"CTAGGACGTCTAACCT-1"	0
"1313"	"CTAGGCGGTCATAGAT-1"	0.693147180559945
"1314"	"CTAGTAGGTCCCGAAG-1"	0
"1315"	"CTAGTCGAGCATGCAT-1"	0
"1316"	"CTAGTCGAGGCTATGT-1"	0
"1317"	"CTAGTGAGTTACTTGC-1"	0
"1318"	"CTATAACCAATATAGG-1"	0
"1319"	"CTATAACCAGCATTAT-1"	0
"1320"	"CTATAACCAGTAATAG-1"	0
"1321"	"CTATGATCATAGACCC-1"	0
"1322"	"CTATGGCCACACCAAC-1"	0
"1323"	"CTATGGCCACCACAAC-1"	0
"1324"	"CTATGGCCACCAGCAT-1"	0
"1325"	"CTATGGCCACCGGTAT-1"	0
"1326"	"CTATGGCCAGCACCAT-1"	0
"1327"	"CTATGTTTCTGCAAAC-1"	0
"1328"	"CTATTACTCGATATTG-1"	2.07944154167984
"1329"	"CTATTCAGTGTAACCA-1"	0
"1330"	"CTATTGAAGCATCCAG-1"	0.693147180559945
"1331"	"CTATTGAAGGAACACA-1"	0
"1332"	"CTCAATAAGACTTATG-1"	0
"1333"	"CTCACAACAAACCTTG-1"	0
"1334"	"CTCACAACATCACAGC-1"	0
"1335"	"CTCACTCAGAGGATAT-1"	0
"1336"	"CTCACTCAGCTTATGA-1"	0
"1337"	"CTCACTCAGTTTCCGC-1"	0
"1338"	"CTCATCATCACTAATG-1"	0
"1339"	"CTCATGACAGGTTACC-1"	0
"1340"	"CTCATGACATTGCAGC-1"	0
"1341"	"CTCATGCTCCCTGACT-1"	0
"1342"	"CTCATTGTCATAGACC-1"	0
"1343"	"CTCATTTAGTAGCGGG-1"	0
"1344"	"CTCATTTAGTCACTCC-1"	0
"1345"	"CTCCAAACACCTGGTG-1"	0
"1346"	"CTCCAACTCGCTAGTG-1"	0
"1347"	"CTCCAACTCTTGAGGT-1"	0
"1348"	"CTCCCTGAGGACAATG-1"	0
"1349"	"CTCCGGACACTTCATC-1"	0
"1350"	"CTCCGTCCAGCCAGAA-1"	0
"1351"	"CTCCTCACACAGGAAT-1"	0
"1352"	"CTCCTCACATTGTTGG-1"	0
"1353"	"CTCCTGAGTCAACAAT-1"	0
"1354"	"CTCCTGAGTGTGAGGA-1"	0
"1355"	"CTCCTGAGTTGAATCG-1"	0
"1356"	"CTCCTGAGTTTGTGGA-1"	0
"1357"	"CTCGACAAGCACTAGT-1"	0
"1358"	"CTCGACAAGGACACTT-1"	0
"1359"	"CTCGACAAGGCCATCA-1"	0
"1360"	"CTCGACAAGTTTGCGG-1"	0
"1361"	"CTCGCTCCACATAACT-1"	0
"1362"	"CTCGCTCCATGGCCCA-1"	0
"1363"	"CTCGCTCCATTCAGCA-1"	0
"1364"	"CTCGTTATCAAGTGAG-1"	0
"1365"	"CTCTAAGCAATACTGT-1"	0.693147180559945
"1366"	"CTCTAAGCAATTGAGA-1"	0
"1367"	"CTCTAAGCATAAGTTC-1"	0.693147180559945
"1368"	"CTCTAAGCATGCTTAG-1"	0
"1369"	"CTCTATGTCTACCTGC-1"	0
"1370"	"CTCTCACAGGCCTAAT-1"	0
"1371"	"CTCTTGATCCAAACAC-1"	0
"1372"	"CTCTTGATCGATATTG-1"	0
"1373"	"CTGAATATCCGTAAAC-1"	0
"1374"	"CTGACATAGCAAGGGT-1"	0
"1375"	"CTGATCACAGTTTCTC-1"	0
"1376"	"CTGCTACTCAGCACCA-1"	0
"1377"	"CTGCTACTCCCTGGTT-1"	0
"1378"	"CTGCTATGTATACTGG-1"	0
"1379"	"CTGCTATGTATTCGCT-1"	0
"1380"	"CTGCTATGTTTGGGTA-1"	0
"1381"	"CTGCTCCCACAATGCC-1"	0
"1382"	"CTGGCTAAGCTTAACA-1"	0
"1383"	"CTGGCTAAGGGCTTAT-1"	0
"1384"	"CTGGTAAGTTAGACCA-1"	0
"1385"	"CTGGTAAGTTATTGCC-1"	0
"1386"	"CTGGTCAAGCTTGCTC-1"	0
"1387"	"CTGGTCAAGGACACTT-1"	0
"1388"	"CTGGTCAAGGGTGAGT-1"	0
"1389"	"CTGGTTACAGTATGTT-1"	0
"1390"	"CTGGTTTGTACGTTTC-1"	0
"1391"	"CTGGTTTGTTTGCTGT-1"	0
"1392"	"CTGTAACAGTTGGCCA-1"	0
"1393"	"CTGTACCTCAAACACC-1"	0
"1394"	"CTGTATTTCATTAGCA-1"	0
"1395"	"CTGTATTTCGCAAACT-1"	0
"1396"	"CTGTATTTCGCAGGCT-1"	0
"1397"	"CTGTGTGAGAATCTCA-1"	0
"1398"	"CTGTTAAAGCTCCCTG-1"	0
"1399"	"CTGTTAAAGTATTGCA-1"	0
"1400"	"CTGTTCATCAAGACTC-1"	0
"1401"	"CTGTTGGAGGTCCGTA-1"	0
"1402"	"CTTAACAAGTTTGCGG-1"	0.693147180559945
"1403"	"CTTAAGATCTCACAAA-1"	0
"1404"	"CTTAAGATCTTGAGGT-1"	0
"1405"	"CTTAAGATCTTGATGA-1"	1.09861228866811
"1406"	"CTTAAGGGTGTAACCA-1"	0
"1407"	"CTTAATGAGACTTACA-1"	0
"1408"	"CTTAATGAGCCTGACA-1"	0
"1409"	"CTTACCGGTAGCTAAT-1"	0
"1410"	"CTTACCGGTGAACAAA-1"	0
"1411"	"CTTACCGGTTAAGTGT-1"	0
"1412"	"CTTACCTCAGTAGGTG-1"	0
"1413"	"CTTACCTCAGTGAACG-1"	0
"1414"	"CTTAGGAGTTGTTCAC-1"	0
"1415"	"CTTATGTTCCATAAGC-1"	0
"1416"	"CTTATTGGTGAAACAA-1"	0
"1417"	"CTTCAAGCATGAGTTT-1"	0
"1418"	"CTTCAATTCCGCAAAT-1"	0
"1419"	"CTTCACTCAGCAACCT-1"	0
"1420"	"CTTCATCCAGAGAGCC-1"	0
"1421"	"CTTCTCAAGACAACAG-1"	0.693147180559945
"1422"	"CTTGAACAGAAACTGG-1"	0
"1423"	"CTTGAATCAAGGTGCA-1"	0
"1424"	"CTTGAATCACAAGCCT-1"	0
"1425"	"CTTGAATCATTTGCTC-1"	0
"1426"	"CTTGACGAGATAAAGC-1"	0
"1427"	"CTTGACGAGTGAGGTA-1"	1.09861228866811
"1428"	"CTTGCATGTTAAGGCC-1"	0
"1429"	"CTTGCATGTTCCTGTG-1"	0
"1430"	"CTTGCATGTTCGCTTG-1"	0
"1431"	"CTTGCGCGTTGAGCCG-1"	0
"1432"	"CTTGTAAAGATGGAGC-1"	0
"1433"	"CTTGTAAAGCTCAATA-1"	0
"1434"	"CTTGTCCAGGTGTCCA-1"	0
"1435"	"CTTGTTTAGTTATTCC-1"	0
"1436"	"CTTTATGGTCGCAATA-1"	0
"1437"	"CTTTCTTGTGATCAGC-1"	0
"1438"	"CTTTGAGCAACAGCCT-1"	0
"1439"	"CTTTGAGCAGGTTCAC-1"	0
"1440"	"CTTTGTCCACACTAAT-1"	0
"1441"	"CTTTGTCCACATAACT-1"	0
"1442"	"CTTTGTCCAGCTCATA-1"	0
"1443"	"GAAACTGAGACAGGTA-1"	0
"1444"	"GAAACTGAGAGCCGCT-1"	0
"1445"	"GAAACTGAGCACAGGG-1"	0
"1446"	"GAAAGCCAGGGACTAA-1"	0
"1447"	"GAAAGCCAGTAACGAG-1"	0
"1448"	"GAAAGCCAGTGAACCT-1"	0
"1449"	"GAAAGGCTCAAGCTTA-1"	0
"1450"	"GAAAGGCTCATAGACC-1"	0
"1451"	"GAACACAAGCTCATAA-1"	0
"1452"	"GAACCAGCAGTACCGT-1"	0
"1453"	"GAACCAGCATGTCGCG-1"	0
"1454"	"GAACCTGTCAATGTCA-1"	0
"1455"	"GAACCTGTCAATTACG-1"	0
"1456"	"GAACCTGTCATTTGTC-1"	0.693147180559945
"1457"	"GAACCTGTCGCCTGTT-1"	0
"1458"	"GAACGAATCAGTTCCC-1"	0
"1459"	"GAACTTATCCTAATTC-1"	0
"1460"	"GAACTTATCCTGAGTG-1"	0
"1461"	"GAAGCCTGTACAATGT-1"	0
"1462"	"GAAGCCTGTTAGGTTG-1"	0
"1463"	"GAAGCCTGTTCCAGGG-1"	0
"1464"	"GAAGCCTGTTGAGCCG-1"	0
"1465"	"GAAGCTAAGTAAGAAC-1"	0
"1466"	"GAAGGAACAACTAGAA-1"	0
"1467"	"GAAGGAACAAGGTCCT-1"	0
"1468"	"GAAGGAACAGGTTACC-1"	0
"1469"	"GAAGGCCCAAGTGAAC-1"	0
"1470"	"GAAGGCCCACTAAATC-1"	0
"1471"	"GAAGGCCCAGGACCAA-1"	0
"1472"	"GAAGGCTAGCACAGCC-1"	0
"1473"	"GAAGTAAGTCCGCTGT-1"	0
"1474"	"GAAGTAAGTGAGGTGA-1"	0
"1475"	"GAAGTATAGCACGATT-1"	0
"1476"	"GAAGTCAAGCTTCTCA-1"	0
"1477"	"GAAGTCAAGGGCCATC-1"	0
"1478"	"GAAGTCAAGGGTGAGT-1"	0
"1479"	"GAAGTGATCATCACTT-1"	2.39789527279837
"1480"	"GAAGTGATCCCAGTAG-1"	0
"1481"	"GAAGTGATCGGTAACT-1"	0
"1482"	"GAATTTGTCCCTGATC-1"	0.693147180559945
"1483"	"GACAATACACTTCATC-1"	0
"1484"	"GACACCGGTTCCAGGG-1"	0
"1485"	"GACATAGAGCAACATC-1"	0.693147180559945
"1486"	"GACATAGAGGCGCTTA-1"	0
"1487"	"GACATTATCATTGTTC-1"	0
"1488"	"GACCGTTCATCTAGCA-1"	0
"1489"	"GACCTAGTCCCGCCTA-1"	0
"1490"	"GACCTAGTCGCTCCAT-1"	0
"1491"	"GACCTAGTCGGTCATG-1"	0.693147180559945
"1492"	"GACCTAGTCGTCATTT-1"	0
"1493"	"GACCTGCAGCACGTTG-1"	0
"1494"	"GACCTTTGTATTCGTC-1"	0
"1495"	"GACCTTTGTTAACGAT-1"	0
"1496"	"GACGCAACATAGACTT-1"	0
"1497"	"GACGCCTAGCACGTTG-1"	0
"1498"	"GACGTAAAGCAAGATG-1"	0
"1499"	"GACTAATGTGTCCTGC-1"	0
"1500"	"GACTCACCAATTTAGC-1"	0
"1501"	"GACTCACCAGTTAAAG-1"	0
"1502"	"GACTTACAGCCTCTGT-1"	0
"1503"	"GACTTACAGGCGGGTA-1"	1.38629436111989
"1504"	"GACTTACAGTTTGCGG-1"	0
"1505"	"GACTTAGGTCAGGCCA-1"	0
"1506"	"GACTTAGGTTAAATGC-1"	0
"1507"	"GACTTAGGTTAGGATT-1"	0
"1508"	"GACTTGGTCGTGCCTT-1"	0
"1509"	"GAGAACCAGGATCACT-1"	0
"1510"	"GAGAGGCGTCCACAAA-1"	0
"1511"	"GAGAGGCGTGAGACTC-1"	0
"1512"	"GAGCCACTCAGGTTTA-1"	0
"1513"	"GAGCCACTCATGCTAA-1"	0
"1514"	"GAGCCACTCGGCTAGC-1"	0
"1515"	"GAGCCTTCACCCTCAC-1"	0
"1516"	"GAGCCTTCACCTAAGC-1"	0
"1517"	"GAGCGAAGTTTAGTCC-1"	0
"1518"	"GAGCGATAGATAGACG-1"	0
"1519"	"GAGCGGTCAAATACCT-1"	0
"1520"	"GAGCTAGCAGGCTAAG-1"	0
"1521"	"GAGCTAGCAGTTTGTG-1"	0
"1522"	"GAGCTGCTCCGCAACA-1"	0
"1523"	"GAGCTGCTCGCTTGCT-1"	0
"1524"	"GAGCTTAGTGTTGTAG-1"	0
"1525"	"GAGGAGGCAATTGAGA-1"	0
"1526"	"GAGGAGGCATTAAAGG-1"	0
"1527"	"GAGGCAAGTCCAAGAC-1"	0
"1528"	"GAGGCAAGTTATAGCG-1"	0
"1529"	"GAGGCAAGTTGACTTC-1"	0.693147180559945
"1530"	"GAGGCCTTCCGCCAAA-1"	0
"1531"	"GAGGCCTTCTCAATAG-1"	0
"1532"	"GAGGCTACAAGGTAAC-1"	0
"1533"	"GAGGCTACAATAACCT-1"	0
"1534"	"GAGGCTACAGGATTAA-1"	0
"1535"	"GAGGCTTGTGCATCGG-1"	0
"1536"	"GAGGTACAGGGATGAC-1"	1.09861228866811
"1537"	"GAGGTACAGGTGCGGA-1"	0
"1538"	"GAGGTAGGTTATCCGT-1"	0
"1539"	"GAGGTTAAGCTATGAC-1"	0
"1540"	"GAGGTTAAGTCTGGGC-1"	0
"1541"	"GAGTAATAGCAGGCCT-1"	0
"1542"	"GAGTAATAGGTCAAAG-1"	0
"1543"	"GAGTAATAGTAACTCA-1"	0
"1544"	"GAGTATCTCTCTAGCC-1"	0
"1545"	"GAGTGATCATTGCGAC-1"	0
"1546"	"GAGTGTTTCCTGGTCT-1"	0
"1547"	"GAGTGTTTCTGCAAAC-1"	0
"1548"	"GAGTTACTCCAGCACA-1"	0
"1549"	"GAGTTGCGTCAGGAAG-1"	0
"1550"	"GAGTTGCGTGGATTGC-1"	0
"1551"	"GAGTTTGGTTCATCTA-1"	0
"1552"	"GAGTTTGGTTGAAGCC-1"	0
"1553"	"GATAAAGGTCACCTAT-1"	0
"1554"	"GATAACGAGCACCACA-1"	0
"1555"	"GATAACGAGTTTCCTG-1"	0
"1556"	"GATAAGCCATCAGTAT-1"	0
"1557"	"GATAATCGTGCTCACC-1"	0
"1558"	"GATAGACCACCATATG-1"	0
"1559"	"GATAGACCATTGGGAG-1"	0
"1560"	"GATCAAGAGGTCTTGG-1"	0
"1561"	"GATCACTAGGAACGGT-1"	0
"1562"	"GATCACTAGGCTGTCA-1"	0
"1563"	"GATCACTAGTCACTAA-1"	0
"1564"	"GATCACTAGTCAGGCC-1"	0
"1565"	"GATCAGGCAACAGCCT-1"	1.38629436111989
"1566"	"GATCAGTTCACGCATG-1"	0
"1567"	"GATCAGTTCACTAAGC-1"	1.09861228866811
"1568"	"GATCCGTCAACGTGCT-1"	0
"1569"	"GATCCGTCATTGCGAC-1"	0
"1570"	"GATCGAGCATATTGAC-1"	0.693147180559945
"1571"	"GATCGAGCATGGTTAT-1"	0
"1572"	"GATCGAGCATTGCGTA-1"	0
"1573"	"GATCGATTCATCACTT-1"	0
"1574"	"GATCGATTCCACCCTG-1"	0
"1575"	"GATGACTTCACAAGCT-1"	0
"1576"	"GATGACTTCCGCACAA-1"	0
"1577"	"GATGACTTCTTACTCG-1"	1.09861228866811
"1578"	"GATGACTTCTTGCATT-1"	0
"1579"	"GATGAGGGTAGGTTTG-1"	0
"1580"	"GATGAGGGTTAGGCTA-1"	0
"1581"	"GATGCAGCACCTACTT-1"	0
"1582"	"GATGCGACATGTTTGG-1"	0
"1583"	"GATGCTTAGAGAGGCT-1"	0
"1584"	"GATGCTTAGCAGGCCT-1"	0
"1585"	"GATGCTTAGGTTTGAC-1"	0
"1586"	"GATGCTTAGTTATTCC-1"	0
"1587"	"GATGGACAGCTACTGG-1"	0
"1588"	"GATGGCTGTCATGAGC-1"	0
"1589"	"GATGGCTGTGCTCCGT-1"	0
"1590"	"GATTAAGCAATGAATG-1"	0
"1591"	"GATTAAGCACTTCATC-1"	0
"1592"	"GATTACGGTTAGCAGC-1"	0
"1593"	"GATTACTCAGTGAACG-1"	0
"1594"	"GATTACTCAGTTGCGT-1"	0
"1595"	"GATTAGCTCTTGGATA-1"	0
"1596"	"GATTATGTCAGCAAGA-1"	0
"1597"	"GATTATGTCCAGGGAG-1"	0
"1598"	"GATTCAATCCCTCAAC-1"	0
"1599"	"GATTCATCAATTGACT-1"	0
"1600"	"GATTCCTGTTTGCGAA-1"	0
"1601"	"GATTCGCCAGCTACGT-1"	0
"1602"	"GATTCGCCATTCAGCA-1"	0
"1603"	"GATTGATGTAAGTCGC-1"	0
"1604"	"GATTGATGTCAAAGAA-1"	0
"1605"	"GATTGATGTCCCGGAA-1"	0
"1606"	"GATTGCAGTGTCCTGC-1"	0
"1607"	"GATTGCAGTGTGTCCC-1"	0
"1608"	"GATTGCAGTGTTAGCA-1"	0
"1609"	"GATTGCAGTTCAAGCA-1"	0
"1610"	"GATTGCGTCGGGATTT-1"	0
"1611"	"GATTGGCGTGATCATG-1"	0
"1612"	"GATTGGCGTTAACGAT-1"	0
"1613"	"GATTGGTTCTCCTCAA-1"	0
"1614"	"GATTGTTCAGGGAGCT-1"	0
"1615"	"GCAAACAAGGGACTAA-1"	0
"1616"	"GCAAACAAGGTGAAGC-1"	0
"1617"	"GCAAACAAGTTGTCCC-1"	0
"1618"	"GCAAACCGTACGGTAC-1"	0
"1619"	"GCAAACCGTACTTAGG-1"	0
"1620"	"GCAAACCGTGGCTTCC-1"	0
"1621"	"GCAAACTTCCTGATGG-1"	0
"1622"	"GCAAACTTCCTTGAGG-1"	0.693147180559945
"1623"	"GCAAACTTCTAATCCT-1"	0
"1624"	"GCAACAGCAAATTGCT-1"	0
"1625"	"GCAACAGCACCTGGTG-1"	0
"1626"	"GCAAGTGCAAGCTTAT-1"	0
"1627"	"GCAAGTGCAGCTTAGC-1"	0
"1628"	"GCAAGTGCATTAAGTC-1"	0
"1629"	"GCAATCTAGCTGAGGG-1"	0
"1630"	"GCAATCTAGGATCACT-1"	0
"1631"	"GCAATGAAGGCATTGT-1"	0
"1632"	"GCAATGAAGGCTAATC-1"	0
"1633"	"GCAATGTTCACCAATA-1"	0
"1634"	"GCAATGTTCGGCTATG-1"	0
"1635"	"GCAATGTTCGGGACTC-1"	0.693147180559945
"1636"	"GCAATGTTCGTGCTTC-1"	0
"1637"	"GCACCTAAGAGCAAGC-1"	0.693147180559945
"1638"	"GCACCTAAGCAGGCCT-1"	0
"1639"	"GCACCTAAGCTATTAG-1"	1.09861228866811
"1640"	"GCACGAACAGGCATCT-1"	0
"1641"	"GCACGCTAGCCTGACA-1"	0
"1642"	"GCACTAAGTAATTAGC-1"	0.693147180559945
"1643"	"GCACTAAGTCTTACTA-1"	0
"1644"	"GCACTTACATTGACAT-1"	0
"1645"	"GCAGGAAGTTGAAGCC-1"	0
"1646"	"GCAGGAAGTTGTTGTC-1"	0
"1647"	"GCAGGATAGCTCCCTG-1"	0
"1648"	"GCAGGATAGTAGCGCC-1"	0
"1649"	"GCAGGATAGTGAAGTG-1"	0
"1650"	"GCAGGCAAGCGCCTTT-1"	0
"1651"	"GCAGGCAAGGACAACA-1"	0
"1652"	"GCAGGCTTCCCTGACT-1"	0
"1653"	"GCAGGCTTCTTGCATT-1"	0
"1654"	"GCAGGTTGTGATGAAA-1"	0
"1655"	"GCAGGTTGTTGCGGAT-1"	0
"1656"	"GCATATATCCAGGTCA-1"	0
"1657"	"GCATATATCCTCCCTC-1"	0
"1658"	"GCATCCTTCAGGGCCT-1"	0
"1659"	"GCATCCTTCCGGTTAG-1"	0
"1660"	"GCATGAAAGACAACAG-1"	0
"1661"	"GCATGAAAGGAACGCG-1"	0
"1662"	"GCATGAGCAACCCTAA-1"	0
"1663"	"GCATGAGCACGTAATT-1"	0.693147180559945
"1664"	"GCATGAGCAGGCAAGC-1"	0
"1665"	"GCATTAGGTCACAGAC-1"	0
"1666"	"GCATTAGGTTACCGGG-1"	0
"1667"	"GCATTAGGTTAGGACC-1"	0
"1668"	"GCATTGCCAACCTAAT-1"	0
"1669"	"GCATTGCCATAATCGT-1"	0
"1670"	"GCCAACATCCCTCACG-1"	0
"1671"	"GCCAATTAGATGCCTG-1"	0
"1672"	"GCCACAATCATTAGCA-1"	0
"1673"	"GCCACAATCATTATGG-1"	0
"1674"	"GCCACAATCCATAATG-1"	0
"1675"	"GCCACTAAGAACCTAC-1"	0
"1676"	"GCCACTAAGGCGCACT-1"	0
"1677"	"GCCAGGAAGGAGTCGG-1"	0
"1678"	"GCCAGGAAGGCTGTCA-1"	0
"1679"	"GCCATGATCAGGCCTA-1"	0
"1680"	"GCCATGATCGATCAGT-1"	0
"1681"	"GCCATTACAGCTACGT-1"	0
"1682"	"GCCCAAATCCCTGACT-1"	0
"1683"	"GCCCAAATCGAAGTGA-1"	0
"1684"	"GCCCAAATCTTGACCC-1"	0
"1685"	"GCCCATAAGCCTAACG-1"	0
"1686"	"GCCCATAAGGTATTGC-1"	0
"1687"	"GCCCGTTGTCAAGTGC-1"	0
"1688"	"GCCCGTTGTCAGTAAT-1"	0
"1689"	"GCCCGTTGTTAGACCA-1"	0
"1690"	"GCCCTCATCCGTAAAC-1"	0
"1691"	"GCCCTCATCGAAGTGA-1"	0
"1692"	"GCCTAATAGGTTAGCT-1"	0
"1693"	"GCCTACTTCGGTAACT-1"	0
"1694"	"GCCTACTTCGTTCACC-1"	0
"1695"	"GCCTACTTCTTAATGG-1"	1.38629436111989
"1696"	"GCCTATTGTGTGCAAC-1"	0
"1697"	"GCCTCAAAGAGGAGGA-1"	0
"1698"	"GCCTCAAAGGAATAAC-1"	0
"1699"	"GCCTCAAAGTGCACGC-1"	0
"1700"	"GCCTCGACAGCTACGT-1"	0
"1701"	"GCCTGACAGCCGCTTT-1"	0
"1702"	"GCCTGCTGTTGCAATG-1"	0
"1703"	"GCCTTAACAAGGTACG-1"	0
"1704"	"GCCTTAACAGTATGTT-1"	0
"1705"	"GCCTTAACATGAAATG-1"	0
"1706"	"GCCTTACTCCGTAAAC-1"	0
"1707"	"GCCTTACTCGCACAAT-1"	0
"1708"	"GCCTTACTCGGCCATA-1"	0
"1709"	"GCCTTACTCTCGACCT-1"	0
"1710"	"GCCTTTATCTAACTGA-1"	0
"1711"	"GCCTTTGGTAACGTGC-1"	0.693147180559945
"1712"	"GCCTTTGGTTAATGAC-1"	0
"1713"	"GCCTTTGGTTTCGCGC-1"	1.6094379124341
"1714"	"GCCTTTGGTTTGGCTT-1"	0
"1715"	"GCGAAGTAGTTAGGCT-1"	0
"1716"	"GCGAGTGAGCTCCTTA-1"	0
"1717"	"GCGAGTGAGTTAACCA-1"	0
"1718"	"GCGATATTCGTTCACC-1"	0
"1719"	"GCGATTAGTTATCGAG-1"	0
"1720"	"GCGATTTAGAATGACG-1"	0
"1721"	"GCGATTTAGCATGACT-1"	0
"1722"	"GCGATTTAGGTTTACA-1"	1.38629436111989
"1723"	"GCGCAAACACATGCTA-1"	0
"1724"	"GCGCAATGTGGGTGAA-1"	0
"1725"	"GCGCCTTGTGGAGCAA-1"	0
"1726"	"GCGCCTTGTTAAGTGT-1"	0
"1727"	"GCGCGATTCAATGACC-1"	0
"1728"	"GCGCGATTCAGCAAAG-1"	0
"1729"	"GCGCTAGGTAGCTAGC-1"	1.6094379124341
"1730"	"GCGCTAGGTGTCACGG-1"	0
"1731"	"GCGCTAGGTTTCCTCC-1"	0
"1732"	"GCGCTAGGTTTGTTGC-1"	0
"1733"	"GCGCTTAAGCAGCTCA-1"	0
"1734"	"GCGCTTAAGTCAGTAC-1"	0
"1735"	"GCGCTTGCATCCTGAA-1"	0
"1736"	"GCGGAACCAAGTGTTT-1"	0
"1737"	"GCGGAACCACTAAGCC-1"	0
"1738"	"GCGGAACCATATAACC-1"	0
"1739"	"GCGGAACCATCGCTTT-1"	0
"1740"	"GCGGATACACCCTCAC-1"	0
"1741"	"GCGGGTTTCCATAATG-1"	0
"1742"	"GCGGGTTTCTTTAAGG-1"	0
"1743"	"GCGGTTGGTACCGGAT-1"	0
"1744"	"GCGGTTGGTGTTGCAA-1"	0
"1745"	"GCTAACAGTCAATACG-1"	0
"1746"	"GCTAACCCAATGAGGT-1"	0
"1747"	"GCTAACCCACTTAACG-1"	0
"1748"	"GCTAACCCAGGAAGCC-1"	0
"1749"	"GCTAAGCGTTACGCGG-1"	0.693147180559945
"1750"	"GCTAAGCGTTGCACGG-1"	0
"1751"	"GCTAAGTTCCTAAGTA-1"	0
"1752"	"GCTAAGTTCTGGCATG-1"	0
"1753"	"GCTAATATCTGTGCAG-1"	0
"1754"	"GCTAGCCAGGACCTCA-1"	0
"1755"	"GCTAGCGGTACCGAAC-1"	0
"1756"	"GCTAGCTCAGCACGTT-1"	0
"1757"	"GCTAGTGTCCCTGGAA-1"	0
"1758"	"GCTAGTGTCGATAACC-1"	0
"1759"	"GCTAGTGTCGGTCAGC-1"	0
"1760"	"GCTATAGGTGGTTCTT-1"	0
"1761"	"GCTATCCTCACCTGCT-1"	0
"1762"	"GCTATCCTCCTCGATC-1"	0
"1763"	"GCTATCCTCCTGAATA-1"	0
"1764"	"GCTATCCTCGCTTGCT-1"	0
"1765"	"GCTATCCTCTTGAGGT-1"	0
"1766"	"GCTATTGCACCTACTT-1"	0.693147180559945
"1767"	"GCTCAACCACTTAACG-1"	0
"1768"	"GCTCACAAGGATCACT-1"	0
"1769"	"GCTCATTGTCCAAATG-1"	0
"1770"	"GCTCATTGTGCATCGG-1"	0.693147180559945
"1771"	"GCTCATTGTGGTTAGC-1"	0.693147180559945
"1772"	"GCTCCTTAGTTATCCT-1"	0.693147180559945
"1773"	"GCTCTGGCAATAATGG-1"	0
"1774"	"GCTCTGGCAATAGCAA-1"	0
"1775"	"GCTCTGGCAGCCTGCA-1"	0
"1776"	"GCTCTGGCAGTTAAAG-1"	0
"1777"	"GCTCTGTTCATAATCG-1"	0
"1778"	"GCTCTGTTCTAAATCG-1"	0
"1779"	"GCTCTGTTCTTGACCC-1"	0
"1780"	"GCTGACCAGGACACTT-1"	0
"1781"	"GCTGACCAGGCATGAA-1"	0
"1782"	"GCTGACCAGGTACCGC-1"	0
"1783"	"GCTGATCCAGTATGTT-1"	0
"1784"	"GCTGCAATCACCATTT-1"	0
"1785"	"GCTGCAATCCGTAAAC-1"	0
"1786"	"GCTGCATCAGGAATCG-1"	0
"1787"	"GCTGCATCATGGCCTG-1"	0
"1788"	"GCTGCATCATTGTCCT-1"	0
"1789"	"GCTGGATGTTGGCGTG-1"	0
"1790"	"GCTGGATGTTGTAAAC-1"	0
"1791"	"GCTGTAAGTCACAGCG-1"	0
"1792"	"GCTGTGATCTGTAATG-1"	0
"1793"	"GCTGTGCAGTGAACCT-1"	0
"1794"	"GCTTAAATCACGAATC-1"	0
"1795"	"GCTTAAATCCATTACT-1"	0
"1796"	"GCTTAAATCCTTAGGG-1"	0
"1797"	"GCTTAACAGGTTTGAC-1"	0
"1798"	"GCTTACCTCAAGTGTC-1"	0
"1799"	"GCTTACCTCAATTGGC-1"	0
"1800"	"GCTTACCTCGTTAGCG-1"	0
"1801"	"GCTTACCTCGTTTCCA-1"	0
"1802"	"GCTTAGTAGACAGGCG-1"	0
"1803"	"GCTTAGTAGGCCATCA-1"	0
"1804"	"GCTTATCGTTGCATCT-1"	0
"1805"	"GCTTATCGTTTATGGG-1"	0
"1806"	"GCTTCGCGTCCAAGAC-1"	0
"1807"	"GCTTCGCGTCCTTAGT-1"	0
"1808"	"GCTTCGCGTGGTTATG-1"	0
"1809"	"GCTTGTTGTTAGGATT-1"	0
"1810"	"GCTTTACGTACAAAGA-1"	0
"1811"	"GCTTTACGTACAATGT-1"	0
"1812"	"GCTTTACGTCCTCCAA-1"	0
"1813"	"GCTTTATTCACCATTT-1"	0
"1814"	"GCTTTATTCGCTTCTA-1"	0
"1815"	"GCTTTATTCTTACTCG-1"	0.693147180559945
"1816"	"GCTTTGTGTTTCGCGC-1"	0
"1817"	"GGAAACTCACAGGGAC-1"	0
"1818"	"GGAACAATCAGGTTTA-1"	0
"1819"	"GGAACCACAAACCTAT-1"	0
"1820"	"GGAACCTGTAACCTAG-1"	0
"1821"	"GGAACCTGTGCGCAAT-1"	0.693147180559945
"1822"	"GGAACGGTCAAGCGCC-1"	0
"1823"	"GGAACGGTCTTAGTCT-1"	0
"1824"	"GGAACTAAGCTGGAAA-1"	0
"1825"	"GGAAGCTAGCTACTGG-1"	0
"1826"	"GGAAGCTAGGAAGCAC-1"	0
"1827"	"GGAAGCTAGGATCACT-1"	0
"1828"	"GGAAGCTAGGTTACGT-1"	0
"1829"	"GGAAGTATCAATCTCT-1"	0
"1830"	"GGAAGTATCGGTTCCT-1"	0
"1831"	"GGAAGTATCTGCAAAC-1"	0
"1832"	"GGACAGCCAATTAGGA-1"	0
"1833"	"GGACATAAGATGGACA-1"	0
"1834"	"GGACCGAAGTTAGGCT-1"	0
"1835"	"GGACCTCAGGGTGGAT-1"	0
"1836"	"GGACGGATCCTAGTCC-1"	0
"1837"	"GGACGGATCGATATTG-1"	0
"1838"	"GGAGCAAGTTTAACCC-1"	0
"1839"	"GGAGCATAGAGGATAT-1"	0
"1840"	"GGAGCGATCACAGCGC-1"	0
"1841"	"GGAGGTTAGGACCGCT-1"	0
"1842"	"GGAGTGAGTGTTAAAC-1"	0
"1843"	"GGAGTGAGTTTCCTCC-1"	0
"1844"	"GGATAACCAAGACTCC-1"	0
"1845"	"GGATAACCACCTAAGC-1"	0
"1846"	"GGATACTTCGGTAACT-1"	0
"1847"	"GGATATTGTTGTGATG-1"	0
"1848"	"GGATGAATCACAGACT-1"	0
"1849"	"GGATGAATCCCATAGG-1"	0.693147180559945
"1850"	"GGATGAATCGCTAGCA-1"	0
"1851"	"GGATGGCCACTGACCG-1"	0.693147180559945
"1852"	"GGATGTAAGGTCCACA-1"	0
"1853"	"GGATGTAAGTAACCCG-1"	0
"1854"	"GGATGTAAGTGAGCGG-1"	0
"1855"	"GGATTATGTTTGCGAA-1"	0
"1856"	"GGATTGCGTGGGTGAA-1"	0
"1857"	"GGATTTATCGCGACAC-1"	0
"1858"	"GGCAAATCAAAGCTAA-1"	0
"1859"	"GGCAAATCACATAACT-1"	0
"1860"	"GGCAAGCCAACCGCCA-1"	0
"1861"	"GGCAATCGTCCTTAGT-1"	0
"1862"	"GGCAATCGTGAGCGAA-1"	0
"1863"	"GGCAGGATCCTCAGCT-1"	0
"1864"	"GGCAGGATCCTCATCA-1"	0
"1865"	"GGCATTAGTTTGCAGA-1"	0
"1866"	"GGCATTGTCATTTGCT-1"	0.693147180559945
"1867"	"GGCATTGTCGTACCGA-1"	0
"1868"	"GGCCAACTCCCTCGCA-1"	0
"1869"	"GGCCAACTCCTCGATC-1"	0
"1870"	"GGCCAACTCGATTTAG-1"	0
"1871"	"GGCCGTTAGCACAGCC-1"	0
"1872"	"GGCCTAATCCAAGTTA-1"	0
"1873"	"GGCCTAATCCTCATCA-1"	0
"1874"	"GGCCTAATCGGGCCAT-1"	0
"1875"	"GGCCTAATCTGTTCAT-1"	0
"1876"	"GGCCTTAAGACACCGC-1"	0
"1877"	"GGCCTTAAGCCTGTTC-1"	0
"1878"	"GGCCTTAAGCTGAGGG-1"	0
"1879"	"GGCCTTCGTGTGCACG-1"	0
"1880"	"GGCCTTCGTTAGCAGC-1"	0
"1881"	"GGCGATACATCCCGCT-1"	0
"1882"	"GGCGCTAGTGGACCTG-1"	0
"1883"	"GGCGGTAAGAATCTCA-1"	0
"1884"	"GGCGGTAAGCCGCTAA-1"	0
"1885"	"GGCGGTAAGGCTATGT-1"	0
"1886"	"GGCGGTTTCCGCAAAT-1"	0
"1887"	"GGCGGTTTCCTCCTAA-1"	0
"1888"	"GGCGGTTTCTCCATGC-1"	0
"1889"	"GGCGTTATCTAATCTC-1"	0
"1890"	"GGCGTTATCTTAAGTG-1"	0
"1891"	"GGCTAGACAGCCTGCA-1"	0
"1892"	"GGCTAGTGTAATGGCC-1"	0
"1893"	"GGCTATGTCATTTAGG-1"	0
"1894"	"GGCTATGTCGTGCTTC-1"	0
"1895"	"GGCTATGTCTCAATAG-1"	0
"1896"	"GGCTATTAGGAAGTAT-1"	0
"1897"	"GGCTATTAGGCTGTGC-1"	0
"1898"	"GGCTATTAGTAGCTTA-1"	0
"1899"	"GGCTCAATCCCGTTGT-1"	0.693147180559945
"1900"	"GGCTGAGAGACAACAG-1"	0.693147180559945
"1901"	"GGCTGAGAGGGTGAGT-1"	0
"1902"	"GGCTGGTTCCAACTGG-1"	0.693147180559945
"1903"	"GGCTGTCAGCATTATG-1"	0
"1904"	"GGCTTCAAGGCCTGGT-1"	0
"1905"	"GGCTTCAAGTAGGATG-1"	0
"1906"	"GGCTTCAAGTCACCTC-1"	0
"1907"	"GGCTTCAAGTCTTGAA-1"	0
"1908"	"GGCTTCAAGTTCCCGT-1"	0
"1909"	"GGGAATATCTATGACA-1"	0
"1910"	"GGGAATATCTCGACCT-1"	0
"1911"	"GGGATTAAGTGTGATC-1"	0
"1912"	"GGGCAATAGTAGCGGG-1"	0
"1913"	"GGGCAATAGTCAATCA-1"	0
"1914"	"GGGCATGAGGCTGTGC-1"	0
"1915"	"GGGCATGAGTAAGTCC-1"	0
"1916"	"GGGCATTGTCCGTGAG-1"	0
"1917"	"GGGCATTGTTCCAGGG-1"	0
"1918"	"GGGCCTAGTCACAGAC-1"	0
"1919"	"GGGCCTAGTGTTGCTT-1"	0
"1920"	"GGGCCTAGTTTGGGTA-1"	0
"1921"	"GGGTATTTCATAACGC-1"	0
"1922"	"GGGTATTTCTAACCAA-1"	0
"1923"	"GGGTCAACAATGAGGT-1"	0
"1924"	"GGGTCACTCATTATGG-1"	0
"1925"	"GGGTCACTCTGCAAAC-1"	0
"1926"	"GGGTGAAGTGCTGGTG-1"	0
"1927"	"GGGTGAAGTGTCACGG-1"	0
"1928"	"GGGTTTCCACAAAGAC-1"	0
"1929"	"GGGTTTCCAGGGAGCT-1"	0
"1930"	"GGTAAACCACCGTTCC-1"	0
"1931"	"GGTAAACCATTGCGTA-1"	0
"1932"	"GGTAACTTCCGTGACA-1"	0
"1933"	"GGTAACTTCGTTTCTG-1"	0
"1934"	"GGTAACTTCTCACAAA-1"	0
"1935"	"GGTAAGGGTGATCAGC-1"	0
"1936"	"GGTAATTGTTAGAGGG-1"	0
"1937"	"GGTAATTGTTGCTGGG-1"	0
"1938"	"GGTACAAAGCACCACA-1"	0
"1939"	"GGTACCGGTTAATGAC-1"	0
"1940"	"GGTACTAGTACTTCAC-1"	0
"1941"	"GGTACTAGTGATCATG-1"	0
"1942"	"GGTACTTAGCCGCTTT-1"	0
"1943"	"GGTACTTAGGAGTCTT-1"	0.693147180559945
"1944"	"GGTAGGAGTAGTTGGC-1"	0
"1945"	"GGTAGGAGTTGGTTCT-1"	0
"1946"	"GGTATGTTCGGCTATG-1"	0
"1947"	"GGTATGTTCTCCATAT-1"	0.693147180559945
"1948"	"GGTATTGGTTACCGGG-1"	0
"1949"	"GGTATTTCAATTGAAG-1"	0
"1950"	"GGTATTTCAATTGAGA-1"	0
"1951"	"GGTCAAGCATCACTTC-1"	0
"1952"	"GGTCAAGCATGAGTTT-1"	0
"1953"	"GGTCAATTCAACCAAC-1"	0
"1954"	"GGTCAATTCGGTAACT-1"	0
"1955"	"GGTCAGGAGTAACTCA-1"	0
"1956"	"GGTCAGGAGTAGCGCC-1"	0
"1957"	"GGTCAGGAGTCACGAT-1"	0.693147180559945
"1958"	"GGTCATTAGGGATGAC-1"	0
"1959"	"GGTCCGTAGGAACGGT-1"	0
"1960"	"GGTCCGTAGGTGTTAC-1"	0
"1961"	"GGTCCGTAGTCAGTAC-1"	0
"1962"	"GGTCCTGCAATGCCTA-1"	0
"1963"	"GGTCGGTTCATAAGCC-1"	0
"1964"	"GGTCTTGAGACAGGTA-1"	0
"1965"	"GGTCTTGAGGAGTAAT-1"	0
"1966"	"GGTCTTTGTTTACTTG-1"	0
"1967"	"GGTGAGCCAAGCCAGA-1"	0
"1968"	"GGTGAGCCAAGGTACG-1"	0
"1969"	"GGTGAGCCACAATACT-1"	0
"1970"	"GGTGATTTCAAACACC-1"	0
"1971"	"GGTGATTTCGGTTACG-1"	0
"1972"	"GGTGCTGGTGTTTGCT-1"	0
"1973"	"GGTGCTTCAATATAGG-1"	0
"1974"	"GGTGTCCAGCAAACCT-1"	0
"1975"	"GGTGTCCAGGACTTAC-1"	0
"1976"	"GGTGTCCAGTCAGGCC-1"	0
"1977"	"GGTGTTGTCCCTCACG-1"	0
"1978"	"GGTGTTGTCCGCTAGA-1"	0
"1979"	"GGTGTTGTCGATCAGT-1"	0
"1980"	"GGTTAATGTAACAGGG-1"	0
"1981"	"GGTTAATGTAGCTGCG-1"	0
"1982"	"GGTTACCCAATGCGCT-1"	0
"1983"	"GGTTACCCAGTAGGTG-1"	0
"1984"	"GGTTACCCAGTTATCG-1"	0
"1985"	"GGTTACCCATTAAAGG-1"	0
"1986"	"GGTTACTAGGCGCATC-1"	0
"1987"	"GGTTAGCGTTAGGACC-1"	0
"1988"	"GGTTATATCCTTAATC-1"	0
"1989"	"GGTTATATCGATATTG-1"	0
"1990"	"GGTTCCCGTAGACAAA-1"	0
"1991"	"GGTTCCCGTCTAACCT-1"	0
"1992"	"GGTTCCCGTTATCCTA-1"	0
"1993"	"GGTTGACGTATTGTCC-1"	0
"1994"	"GGTTGACGTTTAACCC-1"	1.09861228866811
"1995"	"GGTTGCATCATGCGTG-1"	0
"1996"	"GGTTGCATCCAGCACA-1"	0
"1997"	"GGTTGCATCGGTTTCC-1"	0
"1998"	"GGTTGCATCTCACTCA-1"	0
"1999"	"GGTTGCGGTTAACGAT-1"	0
"2000"	"GGTTGCGGTTGTGACA-1"	0.693147180559945
"2001"	"GGTTGCTCACCCACCT-1"	0
"2002"	"GGTTGGTGTACTTAGG-1"	0
"2003"	"GGTTTAATCGGCTAGC-1"	0
"2004"	"GGTTTAATCGTAACGT-1"	0
"2005"	"GGTTTCCTCCTAGTTT-1"	0.693147180559945
"2006"	"GGTTTCCTCTCCATGC-1"	0
"2007"	"GGTTTCTGTCAATACG-1"	0
"2008"	"GGTTTCTGTCGCATAA-1"	0
"2009"	"GGTTTGTAGTGAACCT-1"	0
"2010"	"GTAAAGCCAAGTCGCT-1"	0
"2011"	"GTAAAGCCACTCGCTC-1"	0
"2012"	"GTAAGCAAGCCTGTGA-1"	0
"2013"	"GTAAGCTTCAGGGCCT-1"	0.693147180559945
"2014"	"GTAAGCTTCATAAGCC-1"	0
"2015"	"GTAAGCTTCATTGTTC-1"	0
"2016"	"GTAAGCTTCGCCTAAG-1"	0
"2017"	"GTAAGGTCAGCACGAA-1"	1.09861228866811
"2018"	"GTAAGGTCATTAGCGC-1"	0
"2019"	"GTACAATGTCTTTGAC-1"	0
"2020"	"GTACAATGTTGGTTCT-1"	0
"2021"	"GTACCTTGTAGTTGGC-1"	0
"2022"	"GTACCTTGTGACATGC-1"	0
"2023"	"GTACGTAGTCCTAATC-1"	0
"2024"	"GTACTAATCGTTAAGC-1"	0
"2025"	"GTACTAGGTAATGGAA-1"	0
"2026"	"GTACTGGTCTCTAGCC-1"	0
"2027"	"GTACTTAAGTAGCGGG-1"	0
"2028"	"GTACTTAAGTCACTAA-1"	0
"2029"	"GTACTTCGTTAGGCGT-1"	0
"2030"	"GTACTTCGTTATCCGT-1"	1.09861228866811
"2031"	"GTAGCCATCGCCTGTT-1"	1.38629436111989
"2032"	"GTAGCCATCTCCATAT-1"	0
"2033"	"GTAGCGCTCCCAGTAG-1"	0
"2034"	"GTAGCGCTCCTTGAGG-1"	0
"2035"	"GTAGCGCTCTCCTCAA-1"	0
"2036"	"GTAGGAGGTAACAGGG-1"	0
"2037"	"GTAGGAGGTCAAGACC-1"	0
"2038"	"GTAGGAGGTCATTAGG-1"	0
"2039"	"GTAGGATCAAGTGAAC-1"	0
"2040"	"GTAGGATCATCGCTTT-1"	0
"2041"	"GTAGGCGAGCAAGACA-1"	0
"2042"	"GTAGGCGAGCTGTACG-1"	0
"2043"	"GTAGGCGAGGAGGTTA-1"	0
"2044"	"GTAGGTGCACAGACTC-1"	0
"2045"	"GTAGGTGCAGCGCTTG-1"	0
"2046"	"GTAGGTGCAGTAATAG-1"	0
"2047"	"GTAGTTATCGCTAAAC-1"	0
"2048"	"GTAGTTATCGGTTCCT-1"	0
"2049"	"GTAGTTTCAGCTAACC-1"	0.693147180559945
"2050"	"GTATCGCCAATTAGCT-1"	0.693147180559945
"2051"	"GTATCGCCACTCAACA-1"	0
"2052"	"GTATGTTCAGGCCATT-1"	0
"2053"	"GTATTCAAGCCGCAAC-1"	0
"2054"	"GTATTCAAGGACCGCT-1"	0
"2055"	"GTATTCAAGGTGTTAC-1"	0
"2056"	"GTATTGATCGATTCTT-1"	0
"2057"	"GTATTGCAGTTCCCGT-1"	0
"2058"	"GTATTGCAGTTTGCGG-1"	0
"2059"	"GTATTGTCAGGCGATA-1"	0
"2060"	"GTATTGTCATGAATCT-1"	0
"2061"	"GTCAATATCACGCATG-1"	0
"2062"	"GTCAATATCATGGCCA-1"	0
"2063"	"GTCAATATCGGTCAAT-1"	0
"2064"	"GTCAGGCTCGTTCACC-1"	0
"2065"	"GTCAGGCTCTTGAGCG-1"	0
"2066"	"GTCATCCTCCCGAAGC-1"	0
"2067"	"GTCATCCTCCTGAATA-1"	0
"2068"	"GTCATGAGTCACCTAT-1"	0.693147180559945
"2069"	"GTCATGCCATAGACCC-1"	0
"2070"	"GTCATTAAGCGCAATT-1"	0
"2071"	"GTCATTAAGTAACGAG-1"	0
"2072"	"GTCATTAAGTAAGAAC-1"	0
"2073"	"GTCATTAAGTGAACCT-1"	0
"2074"	"GTCATTAAGTTATGGC-1"	1.09861228866811
"2075"	"GTCCAAGTCCATAATG-1"	0
"2076"	"GTCCTAGAGCCTGATG-1"	0
"2077"	"GTCCTAGAGGCATTGT-1"	0
"2078"	"GTCCTAGAGGGTTATC-1"	0
"2079"	"GTCCTCAGTGCTAGCG-1"	0
"2080"	"GTCCTCCCAGGATTAA-1"	0
"2081"	"GTCCTCCCATAATTGC-1"	0
"2082"	"GTCGAAGCACCTATAG-1"	0
"2083"	"GTCGAGGAGGCAATAG-1"	0
"2084"	"GTCGCAATCGGTTCCT-1"	0.693147180559945
"2085"	"GTCGCAATCTCACAAA-1"	0
"2086"	"GTCGCAATCTTAGCCC-1"	0
"2087"	"GTCGGTTCACGGTTTA-1"	0
"2088"	"GTCGGTTCAGCAACAG-1"	0
"2089"	"GTCGGTTCATGCAACC-1"	0
"2090"	"GTCTAACAGAGGAGTC-1"	0
"2091"	"GTCTAACAGCTATGAC-1"	0
"2092"	"GTCTAACAGTTTGTCT-1"	0
"2093"	"GTCTAATCACCTCACC-1"	0
"2094"	"GTCTAATCAGCAAGTG-1"	0.693147180559945
"2095"	"GTCTAATCAGCTTACA-1"	0
"2096"	"GTCTAATCATGGTTAT-1"	0
"2097"	"GTCTATGCAGGCTACT-1"	0
"2098"	"GTCTATGCATAGCTGC-1"	0
"2099"	"GTCTCACTCTAGCTTT-1"	0
"2100"	"GTCTTGCTCCAGCACA-1"	0
"2101"	"GTCTTGCTCGAAGCGG-1"	0
"2102"	"GTCTTGCTCTAAGTGC-1"	0
"2103"	"GTCTTTAGTAAAGCAA-1"	0
"2104"	"GTCTTTAGTGAGACTC-1"	0
"2105"	"GTCTTTGTCAGTTCCC-1"	0
"2106"	"GTCTTTGTCTTGCAAA-1"	0
"2107"	"GTGAACAAGAAGCTAG-1"	0
"2108"	"GTGAACAAGATGCCTG-1"	0
"2109"	"GTGAACAAGGACCTCA-1"	0
"2110"	"GTGAACAAGTTAGCCG-1"	0
"2111"	"GTGAATCTCCCTGTTA-1"	0
"2112"	"GTGAATCTCCTGTTCA-1"	0
"2113"	"GTGAGCGAGGCGTAAA-1"	0
"2114"	"GTGAGGAGTAGGTTTG-1"	0
"2115"	"GTGAGGAGTCTTGCAT-1"	0
"2116"	"GTGATCAGTCCGGTTC-1"	0
"2117"	"GTGCAAGCATAGCTGC-1"	0
"2118"	"GTGCAAGCATAGCTTG-1"	0
"2119"	"GTGCACGGTCAAAGAA-1"	0
"2120"	"GTGCACGGTGGTTATG-1"	1.09861228866811
"2121"	"GTGCCTTTCCCGAACA-1"	0
"2122"	"GTGCCTTTCTTAGGAC-1"	0.693147180559945
"2123"	"GTGCGCAGTCGTAAAT-1"	0
"2124"	"GTGCGCAGTGTTTGCT-1"	0
"2125"	"GTGCGGTTCATGCAAC-1"	0
"2126"	"GTGCGGTTCCGGTTGA-1"	0.693147180559945
"2127"	"GTGCGGTTCCGTCCAT-1"	0
"2128"	"GTGCGGTTCGGTTTCC-1"	0
"2129"	"GTGCTCAAGGACCTTG-1"	0
"2130"	"GTGCTCAAGGTCCAAT-1"	0
"2131"	"GTGCTCAAGTTTGGTA-1"	0
"2132"	"GTGCTCCGTGGATTGC-1"	0
"2133"	"GTGCTGATCCGTTAAA-1"	0
"2134"	"GTGCTGATCGCACAAT-1"	0
"2135"	"GTGCTGGGTTTAGCGA-1"	0
"2136"	"GTGCTTACAATACTGT-1"	0
"2137"	"GTGCTTACAGCTCATA-1"	0
"2138"	"GTGCTTCTCGCTCCAT-1"	0
"2139"	"GTGGACACACGGTACT-1"	0
"2140"	"GTGGACACATCAGCAC-1"	0
"2141"	"GTGGACACATCCCGCT-1"	0
"2142"	"GTGGACACATTGTCCT-1"	0.693147180559945
"2143"	"GTGGATGCAAATGCCC-1"	0
"2144"	"GTGGCTTCAGAAATTG-1"	0
"2145"	"GTGGTTAGTCAGGCCA-1"	0
"2146"	"GTGTAACTCCTCATGC-1"	0
"2147"	"GTGTCCAAGCATGTTA-1"	0
"2148"	"GTGTGCGGTACAAAGA-1"	0
"2149"	"GTGTGCGGTACCTTAC-1"	0
"2150"	"GTGTGCGGTGTTGTAG-1"	0
"2151"	"GTGTGCGGTTACCGGG-1"	0
"2152"	"GTGTGCGGTTAGGCGT-1"	0
"2153"	"GTGTGTTAGCAAGGTA-1"	0
"2154"	"GTGTGTTAGCTAAGTC-1"	0
"2155"	"GTGTTACAGATGCCTG-1"	0
"2156"	"GTGTTACAGCATGTCG-1"	0
"2157"	"GTGTTACAGCGGTTAT-1"	0
"2158"	"GTGTTCCTCAGGATGA-1"	0
"2159"	"GTGTTCCTCCCATAGG-1"	0
"2160"	"GTTAAACGTCATTACC-1"	0
"2161"	"GTTAACCAGGTCCTGA-1"	0
"2162"	"GTTAACGGTAATGGAA-1"	0
"2163"	"GTTAAGCTCAAGCCTG-1"	0
"2164"	"GTTAAGCTCAAGCGCC-1"	0
"2165"	"GTTAAGCTCCCGCCTA-1"	0
"2166"	"GTTAAGCTCGTTAGTA-1"	1.09861228866811
"2167"	"GTTAAGCTCTGTTCAT-1"	0
"2168"	"GTTAAGTGTCTTGCAT-1"	0
"2169"	"GTTAAGTGTTAGGTTG-1"	0.693147180559945
"2170"	"GTTAATGTCCTCACTA-1"	0.693147180559945
"2171"	"GTTAATGTCTGGCATG-1"	0.693147180559945
"2172"	"GTTAATGTCTTAGGAC-1"	0
"2173"	"GTTACAGGTAAGGTTT-1"	0
"2174"	"GTTACAGGTAGCTGGT-1"	0
"2175"	"GTTACAGGTTAACGAT-1"	0.693147180559945
"2176"	"GTTACCTGTTAGGCTA-1"	0
"2177"	"GTTACGCCAAGCCAGA-1"	0
"2178"	"GTTACGCCATTGGGAG-1"	0
"2179"	"GTTACGTAGGCTAGAA-1"	0
"2180"	"GTTACTAAGAAAGGAA-1"	0
"2181"	"GTTACTAAGGATAAAC-1"	0
"2182"	"GTTACTCGTTGCGCGA-1"	0
"2183"	"GTTAGACTCAATAGCC-1"	0
"2184"	"GTTAGACTCCCATAAA-1"	0
"2185"	"GTTAGACTCCCGTTGT-1"	0
"2186"	"GTTAGACTCGGCCATA-1"	0
"2187"	"GTTCACCTCACAGCGC-1"	0
"2188"	"GTTCACCTCGGTTTGG-1"	0
"2189"	"GTTCATTTCCTGGTGA-1"	0
"2190"	"GTTCATTTCTTAGGAC-1"	0
"2191"	"GTTCCCAGTAATCACG-1"	0
"2192"	"GTTCCCAGTAGCCTAA-1"	0
"2193"	"GTTCCCAGTGATGATT-1"	0.693147180559945
"2194"	"GTTCCTGGTAATCGCA-1"	0
"2195"	"GTTCCTGGTAATGACT-1"	0
"2196"	"GTTCCTGGTTAGAGCC-1"	0
"2197"	"GTTCCTGGTTAGCATG-1"	0
"2198"	"GTTCCTTCACCTGCCT-1"	0
"2199"	"GTTCCTTCACTCGCTC-1"	0
"2200"	"GTTCCTTCAGCATTAT-1"	0.693147180559945
"2201"	"GTTCCTTCATCCATCT-1"	0.693147180559945
"2202"	"GTTCCTTCATGTCAGC-1"	0
"2203"	"GTTCGCTTCACAAGCT-1"	0
"2204"	"GTTCGCTTCAGGCCTA-1"	0
"2205"	"GTTCGCTTCCGGGACT-1"	0
"2206"	"GTTCGCTTCCTGAGTG-1"	0
"2207"	"GTTCGCTTCGCAACAT-1"	0.693147180559945
"2208"	"GTTCGCTTCTAATTGG-1"	0
"2209"	"GTTCTCATCCCGCATT-1"	1.09861228866811
"2210"	"GTTCTCATCGTTTCTG-1"	0
"2211"	"GTTCTTAGTACCGTTT-1"	0
"2212"	"GTTGCATAGGGATGCG-1"	0
"2213"	"GTTGCATAGGGTGAGT-1"	0
"2214"	"GTTGCATAGTAATCCA-1"	0
"2215"	"GTTGCCCGTAACGTGC-1"	0
"2216"	"GTTGCCCGTGCGCGTA-1"	0
"2217"	"GTTGCCCGTTAGCGTA-1"	0
"2218"	"GTTGCTGAGATTGAGG-1"	0
"2219"	"GTTGGCCAGACTATTG-1"	0
"2220"	"GTTTACCGTTTATCTG-1"	0
"2221"	"GTTTAGCAGCTTCTCA-1"	0
"2222"	"GTTTAGCAGTAAGAAC-1"	0
"2223"	"GTTTATCTCATTCATC-1"	0
"2224"	"GTTTATCTCGTTTCTG-1"	0
"2225"	"GTTTCAGCACAGGGAC-1"	0
"2226"	"GTTTCAGCAGCAACCT-1"	0
"2227"	"GTTTCCTCAAGCTAAA-1"	0
"2228"	"GTTTCCTCATTATGGT-1"	0
"2229"	"GTTTCTAGTTCATCTA-1"	0
"2230"	"GTTTGCTGTGTCCTGC-1"	0
"2231"	"GTTTGTAAGAACAAGT-1"	0
"2232"	"GTTTGTCGTCCGTAGG-1"	0.693147180559945
"2233"	"GTTTGTCGTTAGTACG-1"	0
"2234"	"GTTTGTCGTTATGTGG-1"	0
"2235"	"GTTTGTTTCAGGTTTA-1"	0.693147180559945
"2236"	"GTTTGTTTCATGACCG-1"	0
"2237"	"GTTTGTTTCCCTTGCG-1"	0
"2238"	"TAAACAGCAGGAATCG-1"	0
"2239"	"TAACAAGCAACAGCCT-1"	0
"2240"	"TAACCAGGTTCCATTA-1"	0
"2241"	"TAACCAGGTTGTTCAC-1"	0
"2242"	"TAACCGGTCAATAGCC-1"	0
"2243"	"TAACCGGTCCCTGTTA-1"	0
"2244"	"TAACCGGTCCTGGTCT-1"	0.693147180559945
"2245"	"TAACCGGTCGTTAGTA-1"	0
"2246"	"TAACCGGTCTTGAGCG-1"	0
"2247"	"TAAGCCAGTATTCGCT-1"	0
"2248"	"TAAGCCAGTGGATGTC-1"	0
"2249"	"TAAGCCAGTGTTTCAC-1"	0
"2250"	"TAAGCCAGTTTGTTGC-1"	0
"2251"	"TAAGCCTAGTTAGCCG-1"	0
"2252"	"TAAGGCTTCTGGTCCT-1"	0
"2253"	"TAAGTAGCAATGAAGC-1"	0
"2254"	"TAAGTAGCAGTAGGAT-1"	0
"2255"	"TAAGTGCTCACCTGCT-1"	0
"2256"	"TAATCACCACTAGCGT-1"	0
"2257"	"TAATCCGCACAGGGAC-1"	0
"2258"	"TAATGCATCCGCAAGC-1"	0
"2259"	"TAATGCATCGAGCAAA-1"	0
"2260"	"TAATGGACACAATACT-1"	0
"2261"	"TAATGGACATAGCGGA-1"	0
"2262"	"TAATGGTGTGTTTGTC-1"	0
"2263"	"TAATGGTGTTCAAGAT-1"	0
"2264"	"TAATTGCCAAATGCCC-1"	0
"2265"	"TAATTGCCAACAGCCT-1"	0
"2266"	"TAATTGCCACGGTACT-1"	0
"2267"	"TACAACATCAATGTCA-1"	0
"2268"	"TACAACATCACCTGTC-1"	0
"2269"	"TACAAGCTCTCCTCAA-1"	0
"2270"	"TACAATGTCATGCAAC-1"	0
"2271"	"TACAATGTCCAAGTGT-1"	0
"2272"	"TACAATGTCGAGGAAC-1"	0
"2273"	"TACAATGTCGGGCCAT-1"	0
"2274"	"TACAGGTTCCTTGCAC-1"	0
"2275"	"TACAGGTTCGATTCTT-1"	0
"2276"	"TACATCAAGTGAACCT-1"	0
"2277"	"TACCAAATCACAGCCA-1"	0
"2278"	"TACCAAATCATTGACA-1"	0
"2279"	"TACCAAATCCGCATGA-1"	0
"2280"	"TACCAAATCCTTAGTT-1"	0
"2281"	"TACCCGGCAGCTTACA-1"	0
"2282"	"TACCGAAGTCAAAGAA-1"	0
"2283"	"TACCGAAGTTACATCC-1"	0
"2284"	"TACCGAAGTTCGCTCA-1"	0.693147180559945
"2285"	"TACCGCAAGCCAAATC-1"	0
"2286"	"TACCGCAAGCCTGAGC-1"	0
"2287"	"TACCGCAAGGTCGAGG-1"	0
"2288"	"TACCGCAAGTCTGGGC-1"	0
"2289"	"TACCTCATCCAAGTGT-1"	0
"2290"	"TACCTGCTCAACAAGG-1"	0
"2291"	"TACCTGCTCATAACTG-1"	0
"2292"	"TACCTGCTCGTTAGCG-1"	0
"2293"	"TACCTTAGTGTGAGGA-1"	1.6094379124341
"2294"	"TACGCACCACTCGCTC-1"	0
"2295"	"TACGCACCACTGACCG-1"	0
"2296"	"TACGCTTGTAGTAAGA-1"	0
"2297"	"TACGCTTGTTACTTCA-1"	0
"2298"	"TACGGATTCATTACTC-1"	0
"2299"	"TACGGTTAGCAATAGG-1"	0
"2300"	"TACGGTTAGTGAACGA-1"	0
"2301"	"TACGTAATCAAAGGCA-1"	0
"2302"	"TACGTACAGTTTGTCT-1"	0.693147180559945
"2303"	"TACGTTAAGCTGTCAG-1"	0.693147180559945
"2304"	"TACGTTAAGCTTTGTT-1"	0
"2305"	"TACGTTAAGTGACCTG-1"	0.693147180559945
"2306"	"TACTAAGTCCGGCTAA-1"	0
"2307"	"TACTAAGTCCTGAATA-1"	0
"2308"	"TACTAAGTCTGGTCCT-1"	0
"2309"	"TACTAAGTCTGTGAGT-1"	0
"2310"	"TACTCAAAGCCACATG-1"	0
"2311"	"TACTCAAAGCTATTAG-1"	0
"2312"	"TACTCAAAGTTGTCTT-1"	0
"2313"	"TACTGACAGCGCATTG-1"	0
"2314"	"TACTGACAGTAGCCAT-1"	0
"2315"	"TACTGAGGTGCACGCA-1"	0
"2316"	"TACTGCACAATATAGG-1"	1.09861228866811
"2317"	"TACTGCACATAGCGAG-1"	0
"2318"	"TACTGGCCAAGGTGCA-1"	0
"2319"	"TACTTCGTCGGTTAGT-1"	0
"2320"	"TACTTCGTCTTAGTGA-1"	0
"2321"	"TACTTGTTCACGCATG-1"	0
"2322"	"TAGACCAGTAACCAGC-1"	0
"2323"	"TAGACCAGTAGGATTT-1"	0
"2324"	"TAGACCAGTATTGCAG-1"	0
"2325"	"TAGCAGGCACACAATT-1"	0
"2326"	"TAGCAGGCAGAAATGC-1"	0
"2327"	"TAGCATATCCTAAGGT-1"	0
"2328"	"TAGCCGGGTATTCGCT-1"	0
"2329"	"TAGCCGGGTGAGGTAG-1"	0
"2330"	"TAGCCGGGTGGTGAGA-1"	0.693147180559945
"2331"	"TAGCCGGGTGTGTGGT-1"	0.693147180559945
"2332"	"TAGCCTCTCAATAGCC-1"	1.09861228866811
"2333"	"TAGCCTCTCCCGTTTA-1"	0
"2334"	"TAGCCTCTCCCTCAAC-1"	0
"2335"	"TAGCCTCTCGTCAAGT-1"	0
"2336"	"TAGCCTCTCTATCGCC-1"	0
"2337"	"TAGCCTGAGCTAATCA-1"	0
"2338"	"TAGCGCGGTAACTACG-1"	0
"2339"	"TAGCGCGGTTCATTTG-1"	0
"2340"	"TAGCGGACAATTAGGA-1"	0
"2341"	"TAGCGGCTCCACCTTA-1"	0
"2342"	"TAGCGGCTCCTTAGGG-1"	0
"2343"	"TAGCTAGGTGCTTTAC-1"	0.693147180559945
"2344"	"TAGCTAGGTGTTTGTC-1"	0
"2345"	"TAGCTTAAGGAACCGG-1"	0
"2346"	"TAGGAACCATTATGCG-1"	0
"2347"	"TAGGAGGGTGTGCACG-1"	0
"2348"	"TAGGCTAGTCTTACTA-1"	0
"2349"	"TAGGCTGTCCAGGTCA-1"	0
"2350"	"TAGGCTTAGCATGCAT-1"	0
"2351"	"TAGGCTTAGTAACGGA-1"	0
"2352"	"TAGGTTATCTGTAATG-1"	0
"2353"	"TAGGTTGGTAACGAGG-1"	0
"2354"	"TAGTAACGTGGATGTC-1"	0
"2355"	"TAGTAAGCAAGCGAGC-1"	0
"2356"	"TAGTAAGCACGAATCC-1"	0
"2357"	"TAGTAAGCACTTCATC-1"	0
"2358"	"TAGTACGGTTATTGCC-1"	0.693147180559945
"2359"	"TAGTCAATCCACCCTG-1"	1.09861228866811
"2360"	"TAGTCAATCCATAATG-1"	0
"2361"	"TAGTGAGAGGAGGGTT-1"	0
"2362"	"TAGTGGCGTGACCTGG-1"	1.09861228866811
"2363"	"TAGTGGCGTGCTAGAC-1"	0
"2364"	"TAGTGTGGTAGCCTCC-1"	0
"2365"	"TAGTGTGGTCGCAATA-1"	0
"2366"	"TAGTGTGGTGGACATC-1"	1.09861228866811
"2367"	"TAGTTGTCAAGGTGCA-1"	0
"2368"	"TAGTTGTCAGGCATGA-1"	0.693147180559945
"2369"	"TAGTTGTCATTATGGT-1"	0
"2370"	"TATAGGTGTGATGATT-1"	0
"2371"	"TATAGGTGTGCCGCAA-1"	0
"2372"	"TATAGGTGTTATAGCG-1"	0
"2373"	"TATAGGTGTTCCGCAC-1"	0
"2374"	"TATATCCTCAATGAGG-1"	0.693147180559945
"2375"	"TATATCCTCCACCCTG-1"	0
"2376"	"TATATCCTCCAGGAAA-1"	0
"2377"	"TATATCCTCCCGTTTA-1"	0
"2378"	"TATCACAAGTGAAGTG-1"	0.693147180559945
"2379"	"TATCACGCATTGACAT-1"	0
"2380"	"TATCCAGCAACACTTG-1"	0
"2381"	"TATCCAGCAGGATTAA-1"	0
"2382"	"TATCCAGCAGGCCATT-1"	0
"2383"	"TATCCAGCAGTTTGTG-1"	0
"2384"	"TATCGAGGTACCGTTT-1"	0
"2385"	"TATCGAGGTCCCGAAG-1"	0
"2386"	"TATCGAGGTCCTTTAA-1"	0
"2387"	"TATCGAGGTCGCAATA-1"	0
"2388"	"TATCGAGGTTAAGCCA-1"	0
"2389"	"TATCGCACAATGAGGT-1"	0
"2390"	"TATGAAGCATGCAACC-1"	0
"2391"	"TATGACATCCGCACAA-1"	0
"2392"	"TATGACATCTGGCATG-1"	0
"2393"	"TATGACTCACAACAGG-1"	0
"2394"	"TATGACTCATTAAAGG-1"	0.693147180559945
"2395"	"TATGGATGTGGCTTCC-1"	0
"2396"	"TATGGCCCATCCAGGT-1"	0
"2397"	"TATGGCCCATGAGTTT-1"	0
"2398"	"TATGGTCAGATGGACA-1"	0
"2399"	"TATGGTCAGCAGGCCT-1"	0
"2400"	"TATGGTCAGGGCTAAA-1"	0
"2401"	"TATGGTCAGGTCCAAT-1"	0
"2402"	"TATGGTCAGTACTGGT-1"	0
"2403"	"TATGGTCAGTTAGTTG-1"	0
"2404"	"TATTAGGTCCTCAGTC-1"	0
"2405"	"TATTCGTTCACTCAAA-1"	0.693147180559945
"2406"	"TATTCGTTCATTTGCT-1"	0
"2407"	"TATTCGTTCGGTCAGC-1"	0
"2408"	"TATTGACCAACCGCCA-1"	0
"2409"	"TATTGACCAACTGGCT-1"	0
"2410"	"TATTGACCAGGCATCT-1"	0
"2411"	"TATTTGGAGTTTCCGC-1"	0
"2412"	"TATTTGGAGTTTGAGC-1"	0
"2413"	"TCAAACCAGGTGAGAC-1"	0
"2414"	"TCAACAATCACAGCGC-1"	0
"2415"	"TCAACAATCACGCATG-1"	0
"2416"	"TCAACAATCCCTGGAA-1"	0
"2417"	"TCAACAATCCTAGTCC-1"	0
"2418"	"TCAACAATCGCTAAGT-1"	0
"2419"	"TCAAGAACAGCTCATA-1"	0
"2420"	"TCAAGAACATAGACCC-1"	0
"2421"	"TCAAGCTAGAAACTGG-1"	0
"2422"	"TCAAGCTAGCCTGAGC-1"	0
"2423"	"TCAAGTATCTAGCTTT-1"	0
"2424"	"TCAAGTATCTTGAGGT-1"	0
"2425"	"TCAATCGCACCTACGG-1"	0
"2426"	"TCAATCGCAGGCTAGA-1"	0
"2427"	"TCAATCGCATGCAACC-1"	0.693147180559945
"2428"	"TCAATCGCATTAAGTC-1"	0
"2429"	"TCACATAAGCGATAGA-1"	0
"2430"	"TCACATAAGGTGAAGC-1"	0
"2431"	"TCACCTCAGCTGTCAG-1"	0
"2432"	"TCACCTCAGTTATTCC-1"	0
"2433"	"TCACCTGGTTACAACG-1"	0.693147180559945
"2434"	"TCACCTGGTTCCGCAC-1"	0
"2435"	"TCACTGACAATTTAGC-1"	0
"2436"	"TCACTGACAGGCCTTG-1"	0
"2437"	"TCACTGACATAGGCGA-1"	0
"2438"	"TCAGCAAGTGATGAAA-1"	0
"2439"	"TCAGCCTTCTCACAAA-1"	0
"2440"	"TCAGCGATCAAGGACA-1"	0
"2441"	"TCAGCGATCCATTACT-1"	0
"2442"	"TCAGGTCCAAGCCAGA-1"	0
"2443"	"TCAGGTCCACAATTAC-1"	0
"2444"	"TCAGGTTAGACACTTA-1"	0
"2445"	"TCAGGTTAGATAACCC-1"	0
"2446"	"TCAGGTTAGCCTGGTA-1"	0
"2447"	"TCAGTAATCCACAATA-1"	0
"2448"	"TCAGTAATCCCTGTTA-1"	0
"2449"	"TCAGTAATCTCTAGCC-1"	0
"2450"	"TCAGTAGGTGATGATT-1"	0
"2451"	"TCAGTAGGTGCATCGG-1"	0
"2452"	"TCAGTAGGTGCCTCAC-1"	0
"2453"	"TCAGTGAGTAGTAAGA-1"	0.693147180559945
"2454"	"TCATACTTCTAGCTAA-1"	0
"2455"	"TCATCCATCACAGCGC-1"	0
"2456"	"TCATGAGGTTAAGCCA-1"	0
"2457"	"TCATTACTCCACCCTG-1"	0
"2458"	"TCATTGCGTATTCGCT-1"	0
"2459"	"TCATTGCGTTAGCCAA-1"	0
"2460"	"TCATTTGGTGGGTACT-1"	0
"2461"	"TCCACAACAGCATTAT-1"	0
"2462"	"TCCAGCAAGTCAGTAC-1"	0
"2463"	"TCCAGCAAGTTAGCCG-1"	0
"2464"	"TCCAGGTCATGAGCAG-1"	0
"2465"	"TCCATATTCACGAATC-1"	1.09861228866811
"2466"	"TCCATATTCTTGCAAA-1"	0.693147180559945
"2467"	"TCCATCATCAGGGCCT-1"	0
"2468"	"TCCATCATCATTGACA-1"	0
"2469"	"TCCATCATCCACCTGT-1"	0
"2470"	"TCCATTGTCAAACCTA-1"	0
"2471"	"TCCCGTTAGAAAGGAA-1"	0
"2472"	"TCCCGTTAGAACCTAC-1"	0
"2473"	"TCCCGTTAGACAAACG-1"	0
"2474"	"TCCCGTTAGCGCAATT-1"	0
"2475"	"TCCCGTTAGCGCATTG-1"	0
"2476"	"TCCCTGGTCTGTGCAG-1"	0
"2477"	"TCCGCCATCAAGCGCC-1"	0
"2478"	"TCCGCCATCAAGTGTC-1"	0
"2479"	"TCCGCCATCCGTCCAT-1"	0
"2480"	"TCCGCCATCCTCCATA-1"	0
"2481"	"TCCGGAATCGAGGAAC-1"	0
"2482"	"TCCGGTTTCATCCACC-1"	0
"2483"	"TCCGGTTTCCACCTGT-1"	0
"2484"	"TCCGGTTTCCGGCTAA-1"	0
"2485"	"TCCTAGTGTAGCTAAT-1"	0
"2486"	"TCCTAGTGTCTCAGCC-1"	0
"2487"	"TCCTCAATCATGGTTA-1"	0
"2488"	"TCCTCAATCCTGATTT-1"	0
"2489"	"TCCTCACAGGCGGATG-1"	0
"2490"	"TCCTCACAGGTGAAGC-1"	0.693147180559945
"2491"	"TCCTCACAGTAACTCA-1"	0
"2492"	"TCCTCTAAGCTGTACG-1"	0
"2493"	"TCCTCTAAGCTGTCAG-1"	0
"2494"	"TCCTGGTTCACGCCAA-1"	0
"2495"	"TCCTGGTTCGTTAGTA-1"	0
"2496"	"TCCTGGTTCTGTGCCT-1"	0
"2497"	"TCCTGTTCAAGGTAAC-1"	0
"2498"	"TCCTGTTCAATTAACC-1"	0
"2499"	"TCCTGTTCAGCCTTGG-1"	0
"2500"	"TCCTTAGTCATGCGTG-1"	0
"2501"	"TCCTTAGTCGATATTG-1"	0
"2502"	"TCCTTCAAGACTATTG-1"	1.6094379124341
"2503"	"TCCTTCAAGTCATTAG-1"	1.09861228866811
"2504"	"TCCTTGCAGAGCCGGA-1"	0
"2505"	"TCCTTGCAGGCAGGTG-1"	0
"2506"	"TCCTTGCAGTTTGTCT-1"	0
"2507"	"TCCTTTACACAACCTA-1"	0
"2508"	"TCCTTTACACTAGCGT-1"	0
"2509"	"TCGACAAGTACTGAAT-1"	0
"2510"	"TCGACAAGTCAGGAAG-1"	0
"2511"	"TCGATTAAGGGACCTC-1"	0
"2512"	"TCGCATTGTCACAGAC-1"	0
"2513"	"TCGCATTGTCTAACAG-1"	0
"2514"	"TCGCATTGTGGATTAT-1"	0
"2515"	"TCGCCCATCCTCACTA-1"	0.693147180559945
"2516"	"TCGCGAGGTGCATTTC-1"	0
"2517"	"TCGCGCACATATTGAC-1"	0
"2518"	"TCGCTAACAGAACCGA-1"	0
"2519"	"TCGCTAACAGGTTACC-1"	0
"2520"	"TCGCTAACATAAAGCA-1"	0
"2521"	"TCGCTAACATAATCAC-1"	0
"2522"	"TCGGTAAGTAGTTGGC-1"	0
"2523"	"TCGGTAAGTGTTTGCT-1"	0
"2524"	"TCGGTTACATAAGCAA-1"	0
"2525"	"TCGGTTCTCAATTGGC-1"	0
"2526"	"TCGGTTTGTAGGTGTC-1"	0
"2527"	"TCGGTTTGTTAGTTGG-1"	0
"2528"	"TCGTAATCACTTCACT-1"	0
"2529"	"TCGTGCTTCAATACGC-1"	0.693147180559945
"2530"	"TCGTGCTTCATGCAAC-1"	0.693147180559945
"2531"	"TCGTGCTTCTACCTAT-1"	0
"2532"	"TCGTGCTTCTACCTGC-1"	0.693147180559945
"2533"	"TCGTTAAAGCCGGTAC-1"	0
"2534"	"TCGTTAAAGTTAGACC-1"	0
"2535"	"TCGTTAAAGTTATGGC-1"	0
"2536"	"TCGTTACGTTTGCGAA-1"	0
"2537"	"TCGTTATTCACTCAAA-1"	0.693147180559945
"2538"	"TCGTTATTCCGCCTCA-1"	0
"2539"	"TCGTTATTCGGCCAGT-1"	0
"2540"	"TCGTTATTCGGTTAGT-1"	0.693147180559945
"2541"	"TCGTTTCCACACTAAT-1"	0
"2542"	"TCGTTTCCACATACTG-1"	0
"2543"	"TCGTTTCCACATAGCC-1"	0
"2544"	"TCTAACCGTCTATCGT-1"	0.693147180559945
"2545"	"TCTAACCGTGTTGCAA-1"	0
"2546"	"TCTAACCGTGTTTCAC-1"	0
"2547"	"TCTAACCGTTCGCTCA-1"	0
"2548"	"TCTAAGGGTCTAACAG-1"	0
"2549"	"TCTAAGGGTTAACACG-1"	0
"2550"	"TCTAATCTCTAGCGAT-1"	0
"2551"	"TCTAATCTCTCTAGCC-1"	0
"2552"	"TCTACTAGTATTGAGT-1"	0
"2553"	"TCTACTAGTTGGGTTA-1"	0
"2554"	"TCTACTAGTTGTGATG-1"	0
"2555"	"TCTAGCACAAATTGCT-1"	0
"2556"	"TCTAGCACAATACTGT-1"	0
"2557"	"TCTAGCACACGTAAGG-1"	0
"2558"	"TCTAGCGAGCTCAAAC-1"	0
"2559"	"TCTATGTTCAGTATTG-1"	0
"2560"	"TCTATGTTCCTGGTCT-1"	0
"2561"	"TCTATGTTCGCAAACT-1"	0
"2562"	"TCTCAAGCAGCTACGT-1"	0
"2563"	"TCTCAAGCAGTAGGTG-1"	0
"2564"	"TCTCAATTCTAACCAA-1"	0
"2565"	"TCTCACCAGCACGTTG-1"	0
"2566"	"TCTCACCAGGAGCAAC-1"	0
"2567"	"TCTCCTCGTTAGGACC-1"	0
"2568"	"TCTCGCCCAGTTTACG-1"	0
"2569"	"TCTGGCTTCACCAATA-1"	0
"2570"	"TCTGGCTTCAGCACCA-1"	0
"2571"	"TCTGGCTTCATGCTTT-1"	0
"2572"	"TCTGGCTTCGCCTAAG-1"	0
"2573"	"TCTGTGACACAACAGG-1"	0
"2574"	"TCTTAGTTCAGGCTAT-1"	0
"2575"	"TCTTAGTTCATGGTGT-1"	0
"2576"	"TCTTAGTTCCAGGGAG-1"	0.693147180559945
"2577"	"TCTTCAAGTCATCAAG-1"	0
"2578"	"TCTTCAAGTCCTAATC-1"	0
"2579"	"TCTTGACGTAACCAGC-1"	0
"2580"	"TCTTGACGTCCCGGAA-1"	0
"2581"	"TCTTGACGTTCATCTA-1"	0
"2582"	"TCTTGTCCAAACCTAT-1"	0
"2583"	"TCTTGTCCAACTGGCT-1"	0
"2584"	"TCTTGTCCAGGTCCTG-1"	0
"2585"	"TCTTGTCCAGTTATGT-1"	0
"2586"	"TCTTGTCCATAGGCGA-1"	0
"2587"	"TCTTTGTAGTTTGTCT-1"	0
"2588"	"TGAAACTGTCAAGTAT-1"	0
"2589"	"TGAAACTGTGAACAAA-1"	0.693147180559945
"2590"	"TGAAACTGTTGCAATG-1"	0
"2591"	"TGAACAACAACCTAAT-1"	0
"2592"	"TGAACAACAAGGACCA-1"	0
"2593"	"TGAACAACAGTTTCTC-1"	0
"2594"	"TGAAGCAAGACAAACG-1"	1.09861228866811
"2595"	"TGAAGCAAGACTTACA-1"	0
"2596"	"TGAAGGATCAATCTAG-1"	0
"2597"	"TGAAGGATCGCATTAA-1"	0.693147180559945
"2598"	"TGACTTCGTTGAGCCG-1"	0
"2599"	"TGAGAACCACCTGCCT-1"	0
"2600"	"TGAGAACCATTATGCG-1"	0
"2601"	"TGAGCAAAGGCACAGG-1"	0
"2602"	"TGAGCAAAGGCTAAGA-1"	0
"2603"	"TGAGCACGTGGTTCTT-1"	0
"2604"	"TGAGCCGGTTACAACG-1"	0
"2605"	"TGAGCCGGTTCACCCA-1"	0
"2606"	"TGAGGAGGTAAGCTTG-1"	0
"2607"	"TGAGGAGGTCAAAGGG-1"	0
"2608"	"TGAGGAGGTCAGGCCA-1"	0
"2609"	"TGAGGAGGTTAACGGC-1"	0
"2610"	"TGAGGAGGTTGGCCGA-1"	0
"2611"	"TGAGGCACAATCCTAG-1"	0
"2612"	"TGAGGCACATAGCTGC-1"	0
"2613"	"TGAGGGAGTGTCCAGG-1"	0
"2614"	"TGAGGTGCAGTTGCGT-1"	0
"2615"	"TGAGTGAAGTGTTGTA-1"	0
"2616"	"TGAGTGAAGTTTCCTG-1"	0
"2617"	"TGAGTTTCAAGCGAGC-1"	0
"2618"	"TGAGTTTCATGCATAT-1"	0
"2619"	"TGATCACAGCGCCTAA-1"	0
"2620"	"TGATCAGGTAAGCACC-1"	0.693147180559945
"2621"	"TGATCAGGTTACTTGC-1"	0
"2622"	"TGATCAGGTTCGCTCA-1"	0
"2623"	"TGATCGAGTAATAGCT-1"	0
"2624"	"TGATCGAGTTGTTGCT-1"	0.693147180559945
"2625"	"TGATGAACAGCTTACA-1"	0.693147180559945
"2626"	"TGATGACTCGATCAGT-1"	0
"2627"	"TGATTAGTCGCTATGG-1"	1.09861228866811
"2628"	"TGATTGCAGCTAATTG-1"	0
"2629"	"TGATTGCAGTTTCCGC-1"	1.38629436111989
"2630"	"TGCAATATCATTGCAA-1"	0
"2631"	"TGCACACCACAGCCTG-1"	0.693147180559945
"2632"	"TGCACCTTCATCACTT-1"	0
"2633"	"TGCACCTTCCTTAGTT-1"	0
"2634"	"TGCACTTGTCATTAGG-1"	0
"2635"	"TGCACTTGTGCTGGTG-1"	0
"2636"	"TGCACTTGTGCTTTAC-1"	0.693147180559945
"2637"	"TGCACTTGTTGTTGTC-1"	0
"2638"	"TGCAGGCTCGTTTCTG-1"	0
"2639"	"TGCATCCTCACGAATC-1"	0
"2640"	"TGCATCCTCCTTGCAC-1"	0
"2641"	"TGCATCCTCTCGACCT-1"	0
"2642"	"TGCATGAGTAACAGGG-1"	0
"2643"	"TGCATTAAGGAAACTG-1"	0
"2644"	"TGCATTAAGTAGCTTA-1"	0
"2645"	"TGCATTAAGTGAACCT-1"	0
"2646"	"TGCATTAAGTGAGGTA-1"	0
"2647"	"TGCATTAAGTTATGTG-1"	0
"2648"	"TGCCATTGTAGCTGCG-1"	0
"2649"	"TGCCATTGTTCATCTA-1"	0
"2650"	"TGCCATTGTTGACTTC-1"	0
"2651"	"TGCCGGTAGGTCAAAG-1"	0
"2652"	"TGCCTGTTCGCCTAAG-1"	0
"2653"	"TGCCTGTTCTCCATAT-1"	0
"2654"	"TGCGATTAGCAAACCT-1"	0
"2655"	"TGCGATTAGCTATGAC-1"	0
"2656"	"TGCGATTAGTTTGAGC-1"	0
"2657"	"TGCGCAGGTCGCGCAA-1"	0.693147180559945
"2658"	"TGCGCAGGTGCTCACC-1"	0
"2659"	"TGCGCAGGTTACAAAC-1"	0
"2660"	"TGCGCGAGTTACTTCA-1"	0
"2661"	"TGCTAACAGCATGAAG-1"	0
"2662"	"TGCTAACAGGTGCTGC-1"	0
"2663"	"TGCTAGCCAATCGCAC-1"	0
"2664"	"TGCTAGCCATAAACCT-1"	0
"2665"	"TGCTATGCAAGGTCGA-1"	0
"2666"	"TGCTCAACAGCACGTT-1"	0
"2667"	"TGCTCAACATCCAGGT-1"	0
"2668"	"TGCTCCGTCCCGCATT-1"	0
"2669"	"TGCTCCGTCGCTAAAC-1"	0
"2670"	"TGCTCCGTCTGCAACG-1"	0
"2671"	"TGCTCTCAGCACTTGG-1"	0
"2672"	"TGCTCTCAGTTTGAGC-1"	0
"2673"	"TGCTTAAAGTAAGTCC-1"	0.693147180559945
"2674"	"TGCTTAAAGTCAGGCC-1"	0
"2675"	"TGCTTCATCAGCTAAC-1"	0
"2676"	"TGCTTCATCATCCTAT-1"	0
"2677"	"TGCTTCATCCGCCAAA-1"	0.693147180559945
"2678"	"TGCTTCATCGATATTG-1"	1.09861228866811
"2679"	"TGCTTCCAGCTTTGGG-1"	0
"2680"	"TGCTTCCAGGCTACTG-1"	0
"2681"	"TGCTTCCAGGCTCATG-1"	0
"2682"	"TGCTTGCTCGATTTAG-1"	0
"2683"	"TGCTTGTGTGTTTGCT-1"	0
"2684"	"TGCTTGTGTTACTTGC-1"	0.693147180559945
"2685"	"TGCTTTAGTAGCTGCG-1"	0
"2686"	"TGGAACAAGCCGCTAA-1"	1.38629436111989
"2687"	"TGGAACAAGCCTCTCG-1"	0
"2688"	"TGGAACAAGCCTGGTA-1"	0
"2689"	"TGGAACAAGCGCAATT-1"	0
"2690"	"TGGAACAAGGGCTTAT-1"	0
"2691"	"TGGACAAAGCACTAGT-1"	0
"2692"	"TGGACAAAGGAGCAAC-1"	0
"2693"	"TGGACCGGTAAAGCGG-1"	0
"2694"	"TGGACGGAGACTCGCA-1"	0
"2695"	"TGGACGGAGCATGACT-1"	0
"2696"	"TGGACGGAGCATTAGC-1"	0
"2697"	"TGGACGGAGCTTAACA-1"	0
"2698"	"TGGACGGAGGGTGAAC-1"	0
"2699"	"TGGACGGAGTTATGTG-1"	0
"2700"	"TGGATTCAGCTGCACA-1"	0
"2701"	"TGGATTGGTCGTAAAT-1"	0
"2702"	"TGGCCAATCTAATTGG-1"	0
"2703"	"TGGCCTTTCATCCTCA-1"	0.693147180559945
"2704"	"TGGCCTTTCATTTGCT-1"	0
"2705"	"TGGCCTTTCTGCAAGT-1"	0
"2706"	"TGGCGGTTCGTTAGCG-1"	0
"2707"	"TGGCTAAGTAAAGCGG-1"	0
"2708"	"TGGCTATAGACTTACA-1"	0
"2709"	"TGGCTATAGGACACTT-1"	0
"2710"	"TGGCTTTGTGATGATT-1"	0
"2711"	"TGGGCATGTACTTAGG-1"	0
"2712"	"TGGGCCTAGGTCCTAG-1"	0
"2713"	"TGGTAAACACCAAAGG-1"	0
"2714"	"TGGTAAACATTGCGAC-1"	0
"2715"	"TGGTCAAGTGCATTAG-1"	0
"2716"	"TGGTCAGTCGACAAAG-1"	0
"2717"	"TGGTCATAGTAAGGGC-1"	0
"2718"	"TGGTCATAGTAGCGGG-1"	0
"2719"	"TGGTCATAGTCTGGGC-1"	0
"2720"	"TGGTCCTTCTGTTCAT-1"	0
"2721"	"TGGTTAATCTGTGAGT-1"	0
"2722"	"TGGTTCCTCAAGCTAC-1"	0
"2723"	"TGGTTCCTCCCTGATC-1"	0
"2724"	"TGGTTCTGTCACAAAT-1"	0
"2725"	"TGGTTCTGTTAGGTTG-1"	0
"2726"	"TGGTTCTGTTGGTGAC-1"	0
"2727"	"TGGTTGAGTTAAGGTT-1"	0
"2728"	"TGTAAAGCAGTAATAG-1"	0
"2729"	"TGTAAAGCATAAGTCT-1"	0
"2730"	"TGTAAAGCATCACTTC-1"	0
"2731"	"TGTAACTCAAGGTACG-1"	0
"2732"	"TGTAACTCACCAGGTT-1"	0
"2733"	"TGTAACTCATCGCTTT-1"	0
"2734"	"TGTAAGCTCGCTAGCA-1"	0
"2735"	"TGTAAGTGTAATAGCT-1"	0
"2736"	"TGTAAGTGTTAGTGAT-1"	0
"2737"	"TGTAATGTCCTAAGGT-1"	0
"2738"	"TGTATCCGTTTCGCGC-1"	0
"2739"	"TGTATCGCAGCAACCT-1"	0
"2740"	"TGTCAATCAAGCGAGC-1"	0
"2741"	"TGTCAATCACTAGCGT-1"	0
"2742"	"TGTCAGTAGCCAAATC-1"	0
"2743"	"TGTCAGTAGGAGGACT-1"	0
"2744"	"TGTCATAAGTAGAGGC-1"	0
"2745"	"TGTCATAAGTGAGCAA-1"	0.693147180559945
"2746"	"TGTCCTGGTCCCGGAA-1"	0
"2747"	"TGTCCTGGTTAGCGTA-1"	0
"2748"	"TGTCCTTCAGCCTGCA-1"	0
"2749"	"TGTGAAACACTCAACA-1"	0
"2750"	"TGTGAAACACTGGCTG-1"	0
"2751"	"TGTGCACCATAGACTT-1"	0
"2752"	"TGTGCGCAGCTGCACA-1"	0
"2753"	"TGTGCGGGTCTCAGCC-1"	0
"2754"	"TGTGCGGGTTCACCAT-1"	0
"2755"	"TGTGCGGGTTTGTTGC-1"	0
"2756"	"TGTGCTGAGGATCCGC-1"	0.693147180559945
"2757"	"TGTGCTGAGGTTAGAG-1"	0
"2758"	"TGTGGAGCAGTCTAGC-1"	1.09861228866811
"2759"	"TGTGGAGCATGAATAG-1"	0
"2760"	"TGTGGCCAGCGGATTT-1"	0
"2761"	"TGTGGCCAGGCGAAAC-1"	0
"2762"	"TGTGGCGGTCAAGTGC-1"	0
"2763"	"TGTGGCGGTCCGGTTC-1"	0
"2764"	"TGTGGCGGTTAGGCGT-1"	0
"2765"	"TGTGGCTCACCGGCTA-1"	0
"2766"	"TGTGGCTCAGCAGGTA-1"	0
"2767"	"TGTGGCTCAGTTATCG-1"	0
"2768"	"TGTGTGAGTAGCCATA-1"	0
"2769"	"TGTGTGAGTGGGAACA-1"	0
"2770"	"TGTGTGAGTTAGTACG-1"	0
"2771"	"TGTGTTAAGGTCAAAG-1"	0
"2772"	"TGTTACTTCCAAACAC-1"	0
"2773"	"TGTTAGCAGGCGCACT-1"	0
"2774"	"TGTTAGCAGGCGGATG-1"	0
"2775"	"TGTTATGAGCACAGAA-1"	0
"2776"	"TGTTATGAGCACTTGG-1"	0
"2777"	"TGTTCATTCATTCATC-1"	0
"2778"	"TGTTCCTCAAACTAAG-1"	0
"2779"	"TGTTCCTCAATGAAGC-1"	0
"2780"	"TGTTCCTCAATTAAGG-1"	0
"2781"	"TGTTCCTCACCTCACC-1"	0
"2782"	"TGTTCCTCATATAACC-1"	0
"2783"	"TGTTGGCCAGCATGGA-1"	0
"2784"	"TGTTGTAAGCGATAGA-1"	0
"2785"	"TGTTGTAAGGACCGCT-1"	0
"2786"	"TGTTGTGCAAAGCGGC-1"	0
"2787"	"TGTTGTGCAATCCTAG-1"	0
"2788"	"TGTTGTGCAGGACACA-1"	0.693147180559945
"2789"	"TGTTGTTTCCCGCATT-1"	0
"2790"	"TGTTTGTTCTTAGTCT-1"	0
"2791"	"TTAAAGGCAATTGAGA-1"	0.693147180559945
"2792"	"TTAACCAAGCCACAAT-1"	0
"2793"	"TTAACCAAGGTTTACA-1"	0
"2794"	"TTAACTGAGGGACGCA-1"	0
"2795"	"TTAAGCCAGTTAACCA-1"	0
"2796"	"TTAAGGACAATGAGGT-1"	0
"2797"	"TTAAGGTGTGAAGCCT-1"	0
"2798"	"TTAATCGAGACAAGTG-1"	0
"2799"	"TTACACCGTCTAACCT-1"	0
"2800"	"TTACACCGTGGGTGAA-1"	0
"2801"	"TTACACCGTTAAGCGC-1"	0
"2802"	"TTACAGCAGCTTTGGG-1"	0
"2803"	"TTACAGCAGTCCTTCA-1"	0.693147180559945
"2804"	"TTACCGTGTGAATCGC-1"	0
"2805"	"TTACCGTGTGTCCAGG-1"	0
"2806"	"TTACCGTGTTCATCTA-1"	0
"2807"	"TTACCTGTCGGCTAGC-1"	0
"2808"	"TTACGTTTCCAACTGG-1"	0
"2809"	"TTAGAAGCAGGAACAT-1"	0
"2810"	"TTAGACTCAGGTTACC-1"	0
"2811"	"TTAGCAATCCCGCAAA-1"	0
"2812"	"TTAGCAGGTCTCAGCC-1"	0
"2813"	"TTAGCCTGTAGGATCC-1"	0.693147180559945
"2814"	"TTAGCCTGTGTGTCCC-1"	0
"2815"	"TTAGCGGTCGCAAACT-1"	0
"2816"	"TTAGCGGTCGTCAAGT-1"	0
"2817"	"TTAGGCCCAAGCGAGC-1"	0
"2818"	"TTAGGCCCACAAAGCG-1"	0
"2819"	"TTAGGCGTCCTAGTAA-1"	0
"2820"	"TTAGGCGTCGTCAAGT-1"	0
"2821"	"TTATCCGTCACAGCCA-1"	0
"2822"	"TTATCCGTCATCCACC-1"	0
"2823"	"TTATCCTAGTTGGGCC-1"	0.693147180559945
"2824"	"TTATGACCATCCTGAA-1"	0
"2825"	"TTATTGCTCAAGGACA-1"	0
"2826"	"TTATTGCTCTAATTGG-1"	0
"2827"	"TTATTGCTCTAGCTAA-1"	0
"2828"	"TTCAACCGTAGGTGTC-1"	0
"2829"	"TTCAACCGTATTGAGT-1"	0.693147180559945
"2830"	"TTCAACCGTTGTAACG-1"	0
"2831"	"TTCACTGTCAGTGAAG-1"	0
"2832"	"TTCAGCACAGTAAGTA-1"	0
"2833"	"TTCAGGTAGCGGATAA-1"	0
"2834"	"TTCAGGTAGTCGCTAG-1"	0
"2835"	"TTCAGGTAGTTACCGG-1"	0
"2836"	"TTCATCCCAAATGCCC-1"	0
"2837"	"TTCATCCCACAGAACG-1"	0
"2838"	"TTCATCCCAGGATGGC-1"	0
"2839"	"TTCATTCAGTTATGTG-1"	0
"2840"	"TTCCACGGTAGGATTT-1"	0
"2841"	"TTCCACGGTGGATTCA-1"	0
"2842"	"TTCCCACAGGGATGAC-1"	0
"2843"	"TTCCTCAAGAGGGACT-1"	0
"2844"	"TTCCTCAAGATGGAGC-1"	0
"2845"	"TTCCTCAAGTATTGGC-1"	0
"2846"	"TTCCTTCTCCTAATTC-1"	0
"2847"	"TTCCTTCTCCTACCTA-1"	0
"2848"	"TTCCTTCTCCTCAGTC-1"	0
"2849"	"TTCCTTGAGCACTAAC-1"	0
"2850"	"TTCCTTGAGCGGCTGT-1"	0.693147180559945
"2851"	"TTCGCAACAAGGATTA-1"	0
"2852"	"TTCGGTACAACAGCCT-1"	0
"2853"	"TTCGGTACAATAACCT-1"	0
"2854"	"TTCGGTACACCCACCT-1"	0
"2855"	"TTCGGTACATGCAACC-1"	0
"2856"	"TTCGTGCTCAATTGGC-1"	0
"2857"	"TTCGTGCTCACTAAGC-1"	0.693147180559945
"2858"	"TTCGTGCTCTAACTGA-1"	0
"2859"	"TTCGTGCTCTAGCGAT-1"	0.693147180559945
"2860"	"TTCTTAGGTAAGCTCA-1"	0
"2861"	"TTCTTAGGTGATCATG-1"	0
"2862"	"TTGACATCAACACCTA-1"	0
"2863"	"TTGACATCAGCACGTT-1"	0
"2864"	"TTGACTAAGCGCCTTT-1"	0
"2865"	"TTGACTAAGGACTTAC-1"	0
"2866"	"TTGACTAAGGGATGAC-1"	0
"2867"	"TTGAGGCGTAGCTAGC-1"	0
"2868"	"TTGAGGCGTTAAGCTG-1"	0
"2869"	"TTGAGGCGTTTAAAGC-1"	1.09861228866811
"2870"	"TTGATGTCACCTAATG-1"	0
"2871"	"TTGCAATCATAGCTGC-1"	0
"2872"	"TTGCACACAACTGGCT-1"	0
"2873"	"TTGCACACAATGCCCG-1"	0
"2874"	"TTGCACACATTCCTCG-1"	0
"2875"	"TTGCATTTCTAATCTC-1"	0
"2876"	"TTGCCCGTCACTAATG-1"	0
"2877"	"TTGCCCGTCACTCGCT-1"	0
"2878"	"TTGCCCGTCAGCCAAT-1"	1.38629436111989
"2879"	"TTGCCCGTCCCTCTAA-1"	0
"2880"	"TTGCGAGTCCATAATG-1"	0
"2881"	"TTGCTCTCACCATATG-1"	0
"2882"	"TTGCTTAGTGTCACGG-1"	0
"2883"	"TTGCTTAGTGTTGCAA-1"	0
"2884"	"TTGCTTTAGAAGCTAG-1"	0
"2885"	"TTGCTTTAGGGCTTTG-1"	0.693147180559945
"2886"	"TTGCTTTAGTGAGCAA-1"	0
"2887"	"TTGGAGGCAGGAACAT-1"	0
"2888"	"TTGGATCAGCCTGACA-1"	0
"2889"	"TTGGATCAGGGTGAAC-1"	0
"2890"	"TTGGCGGGTAGGATTT-1"	0
"2891"	"TTGGCTACACACCAAC-1"	0
"2892"	"TTGGCTACACAGCCTG-1"	0
"2893"	"TTGGCTACACGAATTT-1"	0
"2894"	"TTGGCTACAGTAAAGC-1"	0
"2895"	"TTGGCTGAGAAGGTGC-1"	0
"2896"	"TTGGCTGAGGAGCAAC-1"	0
"2897"	"TTGGCTGAGTTGTCCC-1"	0
"2898"	"TTGGCTTGTAACGTGC-1"	0
"2899"	"TTGGGCCAGACAAGTG-1"	0.693147180559945
"2900"	"TTGGGCCAGCAAACCT-1"	0
"2901"	"TTGGGCCAGCTTAACA-1"	0
"2902"	"TTGGGCCAGTTAGGCT-1"	0
"2903"	"TTGGGCGGTACCCACC-1"	0
"2904"	"TTGGGCGGTTGGTTCT-1"	0
"2905"	"TTGGGTTAGAACAAGT-1"	0
"2906"	"TTGGGTTAGTCCTTCA-1"	0
"2907"	"TTGGTGAGTCGCGCAA-1"	0
"2908"	"TTGTCCATCCAATTAG-1"	0.693147180559945
"2909"	"TTGTCCCAGCTTGCTC-1"	0
"2910"	"TTGTCCCAGGATCACT-1"	0
"2911"	"TTGTCCGGTACTGATG-1"	0
"2912"	"TTGTCCGGTTTGCGCC-1"	0
"2913"	"TTGTGAGGTAGCTGCG-1"	0
"2914"	"TTGTGCGAGTTTCCTG-1"	0
"2915"	"TTGTTCCCATCGCTTT-1"	0
"2916"	"TTGTTGCGTACGGTAC-1"	0
"2917"	"TTGTTGCGTTCAAGAT-1"	0
"2918"	"TTGTTGCGTTGGTTGA-1"	0
"2919"	"TTGTTGTTCATCCACC-1"	0
"2920"	"TTGTTGTTCCGCAAAT-1"	0
"2921"	"TTGTTGTTCCGGTTAG-1"	0
"2922"	"TTGTTTGGTAGTAAGA-1"	0
"2923"	"TTTAACCTCCATAATG-1"	0
"2924"	"TTTAACCTCCGCCTCA-1"	0
"2925"	"TTTAACCTCCTAAGGT-1"	0
"2926"	"TTTAACGAGACTATTG-1"	0.693147180559945
"2927"	"TTTAACGAGTTTGAGC-1"	0
"2928"	"TTTAAGCCAGCACGAA-1"	0.693147180559945
"2929"	"TTTAAGCCATAATGTC-1"	0
"2930"	"TTTAAGGTCATGGTGT-1"	0
"2931"	"TTTACGAAGCTAATCA-1"	0
"2932"	"TTTACGAAGGTCCTGA-1"	0
"2933"	"TTTAGCAAGCTATTGA-1"	0
"2934"	"TTTAGCAAGGAAGCTA-1"	0.693147180559945
"2935"	"TTTAGCTTCGAAGTAG-1"	0
"2936"	"TTTAGCTTCTTTGTAC-1"	0
"2937"	"TTTAGGATCAACCAAC-1"	1.09861228866811
"2938"	"TTTAGGATCATGAAGG-1"	0
"2939"	"TTTAGGATCCAGGAAA-1"	0
"2940"	"TTTATGGAGCCTTAAA-1"	0
"2941"	"TTTATGGAGGAACCAA-1"	0
"2942"	"TTTCAGTTCAGCAAGA-1"	0
"2943"	"TTTCAGTTCCGCCTAT-1"	0
"2944"	"TTTCAGTTCTAAGTGC-1"	0
"2945"	"TTTCATCAGATAACCC-1"	0
"2946"	"TTTCATCAGCTGGACC-1"	0
"2947"	"TTTCATCAGTTTGTCT-1"	0.693147180559945
"2948"	"TTTCCACCACTAAATC-1"	0
"2949"	"TTTCCGGGTTAGTGAT-1"	0
"2950"	"TTTCCTGAGCAGGTTT-1"	0
"2951"	"TTTCGTCCAATGCCCG-1"	0
"2952"	"TTTCGTCCATCCTAGA-1"	0
"2953"	"TTTCGTCCATGGCCCA-1"	0
"2954"	"TTTCTCACACCTAATG-1"	0
"2955"	"TTTCTCACATAGCGGA-1"	0
"2956"	"TTTCTCACATGCAACC-1"	0
"2957"	"TTTCTTGCACTAGGTC-1"	0
"2958"	"TTTCTTGCAGTTTCTC-1"	0.693147180559945
"2959"	"TTTGACCGTAGGTTTG-1"	0
"2960"	"TTTGACCGTTTATCTG-1"	0
"2961"	"TTTGACTTCACAAGCT-1"	0
"2962"	"TTTGACTTCGATATTG-1"	0
"2963"	"TTTGAGTCACAATACT-1"	0
"2964"	"TTTGAGTCATAATCAC-1"	0
"2965"	"TTTGCATTCAGCACGC-1"	0
"2966"	"TTTGCATTCGTGCTTC-1"	0
"2967"	"TTTGCGACAAACTGTT-1"	0
"2968"	"TTTGCGACACTAAGCC-1"	0
"2969"	"TTTGCGACAGGCATGA-1"	0
"2970"	"TTTGCGGAGGCCAATT-1"	0
"2971"	"TTTGGCTGTTGGTTCT-1"	0
"2972"	"TTTGGTGCAAGCTACC-1"	0
"2973"	"TTTGGTGCAGACAAAC-1"	0
"2974"	"TTTGTCCCAATCCCTT-1"	1.09861228866811
"2975"	"TTTGTCCCACTAAGTT-1"	0
"2976"	"TTTGTCCCAGCAACCT-1"	0
"2977"	"TTTGTCTAGGACAACA-1"	0
"2978"	"TTTGTCTAGTTCCTCA-1"	0
"2979"	"TTTGTGAAGAGGAGGA-1"	0
"2980"	"TTTGTGAAGTAGCCAT-1"	0
"2981"	"TTTGTGGCAACACTTG-1"	0
"2982"	"TTTGTGGCAAGGTAAC-1"	0
"2983"	"TTTGTGTTCCTGCGAA-1"	0
"2984"	"TTTGTGTTCGACCTGA-1"	0
"2985"	"TTTGTTGGTGATCAGC-1"	0
"2986"	"TTTGTTGGTTCCTGTG-1"	1.09861228866811
